API,Module,Controller,Handler,Request DTO,Response DTO,Permission,Enforcement Status,Source
POST /api/v1/alarm/acknowledge-alarm,alarm,SpringAlarmController,acknowledgeAlarm,AcknowledgeAlarmRequest; CloseAlarmRequest; RaiseAlarmRequest; package-info,AlarmResponse; package-info,HIDRA_ALARM_ACKNOWLEDGE_ALARM_EXECUTE,Derived metadata; route-specific backend @PreAuthorize evidence unavailable,src/main/java/dz/sh/hidra/modules/alarm/api/rest/controller/SpringAlarmController.java
POST /api/v1/alarm/alarms,alarm,SpringAlarmController,raiseAlarm,AcknowledgeAlarmRequest; CloseAlarmRequest; RaiseAlarmRequest; package-info,AlarmResponse; package-info,HIDRA_ALARM_ALARMS_EXECUTE,Derived metadata; route-specific backend @PreAuthorize evidence unavailable,src/main/java/dz/sh/hidra/modules/alarm/api/rest/controller/SpringAlarmController.java
POST /api/v1/alarm/alarms/acknowledgements,alarm,SpringAlarmController,acknowledgeAlarm,AcknowledgeAlarmRequest; CloseAlarmRequest; RaiseAlarmRequest; package-info,AlarmResponse; package-info,HIDRA_ALARM_ALARMS_EXECUTE,Derived metadata; route-specific backend @PreAuthorize evidence unavailable,src/main/java/dz/sh/hidra/modules/alarm/api/rest/controller/SpringAlarmController.java
POST /api/v1/alarm/alarms/closures,alarm,SpringAlarmController,closeAlarm,AcknowledgeAlarmRequest; CloseAlarmRequest; RaiseAlarmRequest; package-info,AlarmResponse; package-info,HIDRA_ALARM_ALARMS_EXECUTE,Derived metadata; route-specific backend @PreAuthorize evidence unavailable,src/main/java/dz/sh/hidra/modules/alarm/api/rest/controller/SpringAlarmController.java
GET /api/v1/alarm/capabilities,alarm,SpringAlarmController,capabilities,Unable to determine from static route evidence,AlarmResponse; package-info,HIDRA_ALARM_CAPABILITIES_READ,Derived metadata; route-specific backend @PreAuthorize evidence unavailable,src/main/java/dz/sh/hidra/modules/alarm/api/rest/controller/SpringAlarmController.java
POST /api/v1/alarm/close-alarm,alarm,SpringAlarmController,closeAlarm,AcknowledgeAlarmRequest; CloseAlarmRequest; RaiseAlarmRequest; package-info,AlarmResponse; package-info,HIDRA_ALARM_CLOSE_ALARM_EXECUTE,Derived metadata; route-specific backend @PreAuthorize evidence unavailable,src/main/java/dz/sh/hidra/modules/alarm/api/rest/controller/SpringAlarmController.java
POST /api/v1/alarm/raise-alarm,alarm,SpringAlarmController,raiseAlarm,AcknowledgeAlarmRequest; CloseAlarmRequest; RaiseAlarmRequest; package-info,AlarmResponse; package-info,HIDRA_ALARM_RAISE_ALARM_EXECUTE,Derived metadata; route-specific backend @PreAuthorize evidence unavailable,src/main/java/dz/sh/hidra/modules/alarm/api/rest/controller/SpringAlarmController.java
GET /api/v1/analytics/capabilities,analytics,SpringAnalyticsController,capabilities,Unable to determine from static route evidence,AnalyticsDatasetResponse; AnalyticsInsightResponse; AnalyticsProjectionRunResponse; MetricEvaluationRunResponse; package-info,HIDRA_ANALYTICS_CAPABILITIES_READ,Derived metadata; route-specific backend @PreAuthorize evidence unavailable,src/main/java/dz/sh/hidra/modules/analytics/api/rest/controller/SpringAnalyticsController.java
POST /api/v1/analytics/create-analytics-dataset,analytics,SpringAnalyticsController,createAnalyticsDataset,CreateAnalyticsDatasetRequest; CreateAnalyticsInsightRequest; RunMetricEvaluationRequest; RunProjectionRequest; package-info,AnalyticsDatasetResponse; AnalyticsInsightResponse; AnalyticsProjectionRunResponse; MetricEvaluationRunResponse; package-info,HIDRA_ANALYTICS_CREATE_ANALYTICS_DATASET_EXECUTE,Derived metadata; route-specific backend @PreAuthorize evidence unavailable,src/main/java/dz/sh/hidra/modules/analytics/api/rest/controller/SpringAnalyticsController.java
POST /api/v1/analytics/create-analytics-insight,analytics,SpringAnalyticsController,createAnalyticsInsight,CreateAnalyticsDatasetRequest; CreateAnalyticsInsightRequest; RunMetricEvaluationRequest; RunProjectionRequest; package-info,AnalyticsDatasetResponse; AnalyticsInsightResponse; AnalyticsProjectionRunResponse; MetricEvaluationRunResponse; package-info,HIDRA_ANALYTICS_CREATE_ANALYTICS_INSIGHT_EXECUTE,Derived metadata; route-specific backend @PreAuthorize evidence unavailable,src/main/java/dz/sh/hidra/modules/analytics/api/rest/controller/SpringAnalyticsController.java
POST /api/v1/analytics/datasets,analytics,SpringAnalyticsController,createAnalyticsDataset,CreateAnalyticsDatasetRequest; CreateAnalyticsInsightRequest; RunMetricEvaluationRequest; RunProjectionRequest; package-info,AnalyticsDatasetResponse; AnalyticsInsightResponse; AnalyticsProjectionRunResponse; MetricEvaluationRunResponse; package-info,HIDRA_ANALYTICS_DATASETS_EXECUTE,Derived metadata; route-specific backend @PreAuthorize evidence unavailable,src/main/java/dz/sh/hidra/modules/analytics/api/rest/controller/SpringAnalyticsController.java
POST /api/v1/analytics/insights,analytics,SpringAnalyticsController,createAnalyticsInsight,CreateAnalyticsDatasetRequest; CreateAnalyticsInsightRequest; RunMetricEvaluationRequest; RunProjectionRequest; package-info,AnalyticsDatasetResponse; AnalyticsInsightResponse; AnalyticsProjectionRunResponse; MetricEvaluationRunResponse; package-info,HIDRA_ANALYTICS_INSIGHTS_EXECUTE,Derived metadata; route-specific backend @PreAuthorize evidence unavailable,src/main/java/dz/sh/hidra/modules/analytics/api/rest/controller/SpringAnalyticsController.java
POST /api/v1/analytics/metrics/evaluations,analytics,SpringAnalyticsController,runMetricEvaluation,CreateAnalyticsDatasetRequest; CreateAnalyticsInsightRequest; RunMetricEvaluationRequest; RunProjectionRequest; package-info,AnalyticsDatasetResponse; AnalyticsInsightResponse; AnalyticsProjectionRunResponse; MetricEvaluationRunResponse; package-info,HIDRA_ANALYTICS_METRICS_EXECUTE,Derived metadata; route-specific backend @PreAuthorize evidence unavailable,src/main/java/dz/sh/hidra/modules/analytics/api/rest/controller/SpringAnalyticsController.java
POST /api/v1/analytics/projections/runs,analytics,SpringAnalyticsController,runProjection,CreateAnalyticsDatasetRequest; CreateAnalyticsInsightRequest; RunMetricEvaluationRequest; RunProjectionRequest; package-info,AnalyticsDatasetResponse; AnalyticsInsightResponse; AnalyticsProjectionRunResponse; MetricEvaluationRunResponse; package-info,HIDRA_ANALYTICS_PROJECTIONS_EXECUTE,Derived metadata; route-specific backend @PreAuthorize evidence unavailable,src/main/java/dz/sh/hidra/modules/analytics/api/rest/controller/SpringAnalyticsController.java
POST /api/v1/analytics/run-metric-evaluation,analytics,SpringAnalyticsController,runMetricEvaluation,CreateAnalyticsDatasetRequest; CreateAnalyticsInsightRequest; RunMetricEvaluationRequest; RunProjectionRequest; package-info,AnalyticsDatasetResponse; AnalyticsInsightResponse; AnalyticsProjectionRunResponse; MetricEvaluationRunResponse; package-info,HIDRA_ANALYTICS_RUN_METRIC_EVALUATION_EXECUTE,Derived metadata; route-specific backend @PreAuthorize evidence unavailable,src/main/java/dz/sh/hidra/modules/analytics/api/rest/controller/SpringAnalyticsController.java
POST /api/v1/analytics/run-projection,analytics,SpringAnalyticsController,runProjection,CreateAnalyticsDatasetRequest; CreateAnalyticsInsightRequest; RunMetricEvaluationRequest; RunProjectionRequest; package-info,AnalyticsDatasetResponse; AnalyticsInsightResponse; AnalyticsProjectionRunResponse; MetricEvaluationRunResponse; package-info,HIDRA_ANALYTICS_RUN_PROJECTION_EXECUTE,Derived metadata; route-specific backend @PreAuthorize evidence unavailable,src/main/java/dz/sh/hidra/modules/analytics/api/rest/controller/SpringAnalyticsController.java
POST /api/v1/assets/asset-conditions,assets,SpringAssetsController,recordAssetCondition,CreateMaintenanceWorkOrderRequest; RecordAssetConditionRequest; RegisterMaintainableAssetRequest; package-info,AssetConditionResponse; MaintainableAssetResponse; MaintenanceWorkOrderResponse; package-info,HIDRA_ASSETS_ASSET_CONDITIONS_EXECUTE,Derived metadata; route-specific backend @PreAuthorize evidence unavailable,src/main/java/dz/sh/hidra/modules/assets/api/rest/controller/SpringAssetsController.java
GET /api/v1/assets/capabilities,assets,SpringAssetsController,capabilities,Unable to determine from static route evidence,AssetConditionResponse; MaintainableAssetResponse; MaintenanceWorkOrderResponse; package-info,HIDRA_ASSETS_CAPABILITIES_READ,Derived metadata; route-specific backend @PreAuthorize evidence unavailable,src/main/java/dz/sh/hidra/modules/assets/api/rest/controller/SpringAssetsController.java
POST /api/v1/assets/create-maintenance-work-order,assets,SpringAssetsController,createMaintenanceWorkOrder,CreateMaintenanceWorkOrderRequest; RecordAssetConditionRequest; RegisterMaintainableAssetRequest; package-info,AssetConditionResponse; MaintainableAssetResponse; MaintenanceWorkOrderResponse; package-info,HIDRA_ASSETS_CREATE_MAINTENANCE_WORK_ORDER_EXECUTE,Derived metadata; route-specific backend @PreAuthorize evidence unavailable,src/main/java/dz/sh/hidra/modules/assets/api/rest/controller/SpringAssetsController.java
POST /api/v1/assets/maintainable-assets,assets,SpringAssetsController,registerMaintainableAsset,CreateMaintenanceWorkOrderRequest; RecordAssetConditionRequest; RegisterMaintainableAssetRequest; package-info,AssetConditionResponse; MaintainableAssetResponse; MaintenanceWorkOrderResponse; package-info,HIDRA_ASSETS_MAINTAINABLE_ASSETS_EXECUTE,Derived metadata; route-specific backend @PreAuthorize evidence unavailable,src/main/java/dz/sh/hidra/modules/assets/api/rest/controller/SpringAssetsController.java
POST /api/v1/assets/maintenance-work-orders,assets,SpringAssetsController,createMaintenanceWorkOrder,CreateMaintenanceWorkOrderRequest; RecordAssetConditionRequest; RegisterMaintainableAssetRequest; package-info,AssetConditionResponse; MaintainableAssetResponse; MaintenanceWorkOrderResponse; package-info,HIDRA_ASSETS_MAINTENANCE_WORK_ORDERS_EXECUTE,Derived metadata; route-specific backend @PreAuthorize evidence unavailable,src/main/java/dz/sh/hidra/modules/assets/api/rest/controller/SpringAssetsController.java
POST /api/v1/assets/record-asset-condition,assets,SpringAssetsController,recordAssetCondition,CreateMaintenanceWorkOrderRequest; RecordAssetConditionRequest; RegisterMaintainableAssetRequest; package-info,AssetConditionResponse; MaintainableAssetResponse; MaintenanceWorkOrderResponse; package-info,HIDRA_ASSETS_RECORD_ASSET_CONDITION_EXECUTE,Derived metadata; route-specific backend @PreAuthorize evidence unavailable,src/main/java/dz/sh/hidra/modules/assets/api/rest/controller/SpringAssetsController.java
POST /api/v1/assets/register-maintainable-asset,assets,SpringAssetsController,registerMaintainableAsset,CreateMaintenanceWorkOrderRequest; RecordAssetConditionRequest; RegisterMaintainableAssetRequest; package-info,AssetConditionResponse; MaintainableAssetResponse; MaintenanceWorkOrderResponse; package-info,HIDRA_ASSETS_REGISTER_MAINTAINABLE_ASSET_EXECUTE,Derived metadata; route-specific backend @PreAuthorize evidence unavailable,src/main/java/dz/sh/hidra/modules/assets/api/rest/controller/SpringAssetsController.java
POST /api/v1/audit/access-records,audit,SpringAuditController,recordAuditAccess,RecordAuditAccessRequest; RecordAuditEventRequest; RequestAuditExportRequest; package-info,AuditAccessRecordResponse; AuditEventResponse; AuditExportRequestResponse; package-info,HIDRA_AUDIT_ACCESS_RECORDS_EXECUTE,Derived metadata; route-specific backend @PreAuthorize evidence unavailable,src/main/java/dz/sh/hidra/modules/audit/api/rest/controller/SpringAuditController.java
GET /api/v1/audit/capabilities,audit,SpringAuditController,capabilities,Unable to determine from static route evidence,AuditAccessRecordResponse; AuditEventResponse; AuditExportRequestResponse; package-info,HIDRA_AUDIT_CAPABILITIES_READ,Derived metadata; route-specific backend @PreAuthorize evidence unavailable,src/main/java/dz/sh/hidra/modules/audit/api/rest/controller/SpringAuditController.java
POST /api/v1/audit/events,audit,SpringAuditController,recordAuditEvent,RecordAuditAccessRequest; RecordAuditEventRequest; RequestAuditExportRequest; package-info,AuditAccessRecordResponse; AuditEventResponse; AuditExportRequestResponse; package-info,HIDRA_AUDIT_EVENTS_EXECUTE,Derived metadata; route-specific backend @PreAuthorize evidence unavailable,src/main/java/dz/sh/hidra/modules/audit/api/rest/controller/SpringAuditController.java
POST /api/v1/audit/exports,audit,SpringAuditController,requestAuditExport,RecordAuditAccessRequest; RecordAuditEventRequest; RequestAuditExportRequest; package-info,AuditAccessRecordResponse; AuditEventResponse; AuditExportRequestResponse; package-info,HIDRA_AUDIT_EXPORTS_EXECUTE,Derived metadata; route-specific backend @PreAuthorize evidence unavailable,src/main/java/dz/sh/hidra/modules/audit/api/rest/controller/SpringAuditController.java
POST /api/v1/audit/record-audit-access,audit,SpringAuditController,recordAuditAccess,RecordAuditAccessRequest; RecordAuditEventRequest; RequestAuditExportRequest; package-info,AuditAccessRecordResponse; AuditEventResponse; AuditExportRequestResponse; package-info,HIDRA_AUDIT_RECORD_AUDIT_ACCESS_EXECUTE,Derived metadata; route-specific backend @PreAuthorize evidence unavailable,src/main/java/dz/sh/hidra/modules/audit/api/rest/controller/SpringAuditController.java
POST /api/v1/audit/record-audit-event,audit,SpringAuditController,recordAuditEvent,RecordAuditAccessRequest; RecordAuditEventRequest; RequestAuditExportRequest; package-info,AuditAccessRecordResponse; AuditEventResponse; AuditExportRequestResponse; package-info,HIDRA_AUDIT_RECORD_AUDIT_EVENT_EXECUTE,Derived metadata; route-specific backend @PreAuthorize evidence unavailable,src/main/java/dz/sh/hidra/modules/audit/api/rest/controller/SpringAuditController.java
POST /api/v1/audit/request-audit-export,audit,SpringAuditController,requestAuditExport,RecordAuditAccessRequest; RecordAuditEventRequest; RequestAuditExportRequest; package-info,AuditAccessRecordResponse; AuditEventResponse; AuditExportRequestResponse; package-info,HIDRA_AUDIT_REQUEST_AUDIT_EXPORT_EXECUTE,Derived metadata; route-specific backend @PreAuthorize evidence unavailable,src/main/java/dz/sh/hidra/modules/audit/api/rest/controller/SpringAuditController.java
GET /api/v1/configuration/capabilities,configuration,SpringConfigurationController,capabilities,Unable to determine from static route evidence,ConfigurationDefinitionResponse; ConfigurationValueResponse; FeatureFlagResponse; package-info,HIDRA_CONFIGURATION_CAPABILITIES_READ,Derived metadata; route-specific backend @PreAuthorize evidence unavailable,src/main/java/dz/sh/hidra/modules/configuration/api/rest/controller/SpringConfigurationController.java
POST /api/v1/configuration/create-configuration-definition,configuration,SpringConfigurationController,createConfigurationDefinition,CreateConfigurationDefinitionRequest; CreateFeatureFlagRequest; SetConfigurationValueRequest; package-info,ConfigurationDefinitionResponse; ConfigurationValueResponse; FeatureFlagResponse; package-info,HIDRA_CONFIGURATION_CREATE_CONFIGURATION_DEFINITION_EXECUTE,Derived metadata; route-specific backend @PreAuthorize evidence unavailable,src/main/java/dz/sh/hidra/modules/configuration/api/rest/controller/SpringConfigurationController.java
POST /api/v1/configuration/create-feature-flag,configuration,SpringConfigurationController,createFeatureFlag,CreateConfigurationDefinitionRequest; CreateFeatureFlagRequest; SetConfigurationValueRequest; package-info,ConfigurationDefinitionResponse; ConfigurationValueResponse; FeatureFlagResponse; package-info,HIDRA_CONFIGURATION_CREATE_FEATURE_FLAG_EXECUTE,Derived metadata; route-specific backend @PreAuthorize evidence unavailable,src/main/java/dz/sh/hidra/modules/configuration/api/rest/controller/SpringConfigurationController.java
POST /api/v1/configuration/definitions,configuration,SpringConfigurationController,createConfigurationDefinition,CreateConfigurationDefinitionRequest; CreateFeatureFlagRequest; SetConfigurationValueRequest; package-info,ConfigurationDefinitionResponse; ConfigurationValueResponse; FeatureFlagResponse; package-info,HIDRA_CONFIGURATION_DEFINITIONS_EXECUTE,Derived metadata; route-specific backend @PreAuthorize evidence unavailable,src/main/java/dz/sh/hidra/modules/configuration/api/rest/controller/SpringConfigurationController.java
POST /api/v1/configuration/feature-flags,configuration,SpringConfigurationController,createFeatureFlag,CreateConfigurationDefinitionRequest; CreateFeatureFlagRequest; SetConfigurationValueRequest; package-info,ConfigurationDefinitionResponse; ConfigurationValueResponse; FeatureFlagResponse; package-info,HIDRA_CONFIGURATION_FEATURE_FLAGS_EXECUTE,Derived metadata; route-specific backend @PreAuthorize evidence unavailable,src/main/java/dz/sh/hidra/modules/configuration/api/rest/controller/SpringConfigurationController.java
POST /api/v1/configuration/set-configuration-value,configuration,SpringConfigurationController,setConfigurationValue,CreateConfigurationDefinitionRequest; CreateFeatureFlagRequest; SetConfigurationValueRequest; package-info,ConfigurationDefinitionResponse; ConfigurationValueResponse; FeatureFlagResponse; package-info,HIDRA_CONFIGURATION_SET_CONFIGURATION_VALUE_EXECUTE,Derived metadata; route-specific backend @PreAuthorize evidence unavailable,src/main/java/dz/sh/hidra/modules/configuration/api/rest/controller/SpringConfigurationController.java
POST /api/v1/configuration/values,configuration,SpringConfigurationController,setConfigurationValue,CreateConfigurationDefinitionRequest; CreateFeatureFlagRequest; SetConfigurationValueRequest; package-info,ConfigurationDefinitionResponse; ConfigurationValueResponse; FeatureFlagResponse; package-info,HIDRA_CONFIGURATION_VALUES_EXECUTE,Derived metadata; route-specific backend @PreAuthorize evidence unavailable,src/main/java/dz/sh/hidra/modules/configuration/api/rest/controller/SpringConfigurationController.java
GET /api/v1/custody/capabilities,custody,SpringCustodyController,capabilities,Unable to determine from static route evidence,CustodyDiscrepancyResponse; CustodyMeasurementPeriodResponse; CustodyTransferTicketResponse; package-info,HIDRA_CUSTODY_CAPABILITIES_READ,Derived metadata; route-specific backend @PreAuthorize evidence unavailable,src/main/java/dz/sh/hidra/modules/custody/api/rest/controller/SpringCustodyController.java
POST /api/v1/custody/create-transfer-ticket,custody,SpringCustodyController,createTransferTicket,CreateCustodyTransferTicketRequest; OpenCustodyDiscrepancyRequest; OpenCustodyMeasurementPeriodRequest; package-info,CustodyDiscrepancyResponse; CustodyMeasurementPeriodResponse; CustodyTransferTicketResponse; package-info,HIDRA_CUSTODY_CREATE_TRANSFER_TICKET_EXECUTE,Derived metadata; route-specific backend @PreAuthorize evidence unavailable,src/main/java/dz/sh/hidra/modules/custody/api/rest/controller/SpringCustodyController.java
POST /api/v1/custody/discrepancies,custody,SpringCustodyController,openDiscrepancy,CreateCustodyTransferTicketRequest; OpenCustodyDiscrepancyRequest; OpenCustodyMeasurementPeriodRequest; package-info,CustodyDiscrepancyResponse; CustodyMeasurementPeriodResponse; CustodyTransferTicketResponse; package-info,HIDRA_CUSTODY_DISCREPANCIES_EXECUTE,Derived metadata; route-specific backend @PreAuthorize evidence unavailable,src/main/java/dz/sh/hidra/modules/custody/api/rest/controller/SpringCustodyController.java
POST /api/v1/custody/measurement-periods,custody,SpringCustodyController,openMeasurementPeriod,CreateCustodyTransferTicketRequest; OpenCustodyDiscrepancyRequest; OpenCustodyMeasurementPeriodRequest; package-info,CustodyDiscrepancyResponse; CustodyMeasurementPeriodResponse; CustodyTransferTicketResponse; package-info,HIDRA_CUSTODY_MEASUREMENT_PERIODS_EXECUTE,Derived metadata; route-specific backend @PreAuthorize evidence unavailable,src/main/java/dz/sh/hidra/modules/custody/api/rest/controller/SpringCustodyController.java
POST /api/v1/custody/open-discrepancy,custody,SpringCustodyController,openDiscrepancy,CreateCustodyTransferTicketRequest; OpenCustodyDiscrepancyRequest; OpenCustodyMeasurementPeriodRequest; package-info,CustodyDiscrepancyResponse; CustodyMeasurementPeriodResponse; CustodyTransferTicketResponse; package-info,HIDRA_CUSTODY_OPEN_DISCREPANCY_EXECUTE,Derived metadata; route-specific backend @PreAuthorize evidence unavailable,src/main/java/dz/sh/hidra/modules/custody/api/rest/controller/SpringCustodyController.java
POST /api/v1/custody/open-measurement-period,custody,SpringCustodyController,openMeasurementPeriod,CreateCustodyTransferTicketRequest; OpenCustodyDiscrepancyRequest; OpenCustodyMeasurementPeriodRequest; package-info,CustodyDiscrepancyResponse; CustodyMeasurementPeriodResponse; CustodyTransferTicketResponse; package-info,HIDRA_CUSTODY_OPEN_MEASUREMENT_PERIOD_EXECUTE,Derived metadata; route-specific backend @PreAuthorize evidence unavailable,src/main/java/dz/sh/hidra/modules/custody/api/rest/controller/SpringCustodyController.java
POST /api/v1/custody/transfer-tickets,custody,SpringCustodyController,createTransferTicket,CreateCustodyTransferTicketRequest; OpenCustodyDiscrepancyRequest; OpenCustodyMeasurementPeriodRequest; package-info,CustodyDiscrepancyResponse; CustodyMeasurementPeriodResponse; CustodyTransferTicketResponse; package-info,HIDRA_CUSTODY_TRANSFER_TICKETS_EXECUTE,Derived metadata; route-specific backend @PreAuthorize evidence unavailable,src/main/java/dz/sh/hidra/modules/custody/api/rest/controller/SpringCustodyController.java
GET /api/v1/documents/capabilities,documents,SpringDocumentsController,capabilities,Unable to determine from static route evidence,DocumentResponse; DocumentTargetLinkResponse; DocumentVersionResponse; package-info,HIDRA_DOCUMENTS_CAPABILITIES_READ,Derived metadata; route-specific backend @PreAuthorize evidence unavailable,src/main/java/dz/sh/hidra/modules/documents/api/rest/controller/SpringDocumentsController.java
POST /api/v1/documents/document-versions,documents,SpringDocumentsController,uploadDocumentVersion,LinkDocumentToTargetRequest; RegisterDocumentRequest; UploadDocumentVersionRequest; package-info,DocumentResponse; DocumentTargetLinkResponse; DocumentVersionResponse; package-info,HIDRA_DOCUMENTS_DOCUMENT_VERSIONS_EXECUTE,Derived metadata; route-specific backend @PreAuthorize evidence unavailable,src/main/java/dz/sh/hidra/modules/documents/api/rest/controller/SpringDocumentsController.java
POST /api/v1/documents/documents,documents,SpringDocumentsController,registerDocument,LinkDocumentToTargetRequest; RegisterDocumentRequest; UploadDocumentVersionRequest; package-info,DocumentResponse; DocumentTargetLinkResponse; DocumentVersionResponse; package-info,HIDRA_DOCUMENTS_DOCUMENTS_EXECUTE,Derived metadata; route-specific backend @PreAuthorize evidence unavailable,src/main/java/dz/sh/hidra/modules/documents/api/rest/controller/SpringDocumentsController.java
POST /api/v1/documents/link-document-to-target,documents,SpringDocumentsController,linkDocumentToTarget,LinkDocumentToTargetRequest; RegisterDocumentRequest; UploadDocumentVersionRequest; package-info,DocumentResponse; DocumentTargetLinkResponse; DocumentVersionResponse; package-info,HIDRA_DOCUMENTS_LINK_DOCUMENT_TO_TARGET_EXECUTE,Derived metadata; route-specific backend @PreAuthorize evidence unavailable,src/main/java/dz/sh/hidra/modules/documents/api/rest/controller/SpringDocumentsController.java
POST /api/v1/documents/register-document,documents,SpringDocumentsController,registerDocument,LinkDocumentToTargetRequest; RegisterDocumentRequest; UploadDocumentVersionRequest; package-info,DocumentResponse; DocumentTargetLinkResponse; DocumentVersionResponse; package-info,HIDRA_DOCUMENTS_REGISTER_DOCUMENT_EXECUTE,Derived metadata; route-specific backend @PreAuthorize evidence unavailable,src/main/java/dz/sh/hidra/modules/documents/api/rest/controller/SpringDocumentsController.java
POST /api/v1/documents/target-links,documents,SpringDocumentsController,linkDocumentToTarget,LinkDocumentToTargetRequest; RegisterDocumentRequest; UploadDocumentVersionRequest; package-info,DocumentResponse; DocumentTargetLinkResponse; DocumentVersionResponse; package-info,HIDRA_DOCUMENTS_TARGET_LINKS_EXECUTE,Derived metadata; route-specific backend @PreAuthorize evidence unavailable,src/main/java/dz/sh/hidra/modules/documents/api/rest/controller/SpringDocumentsController.java
POST /api/v1/documents/upload-document-version,documents,SpringDocumentsController,uploadDocumentVersion,LinkDocumentToTargetRequest; RegisterDocumentRequest; UploadDocumentVersionRequest; package-info,DocumentResponse; DocumentTargetLinkResponse; DocumentVersionResponse; package-info,HIDRA_DOCUMENTS_UPLOAD_DOCUMENT_VERSION_EXECUTE,Derived metadata; route-specific backend @PreAuthorize evidence unavailable,src/main/java/dz/sh/hidra/modules/documents/api/rest/controller/SpringDocumentsController.java
GET /api/v1/hse/capabilities,hse,SpringHseController,capabilities,Unable to determine from static route evidence,HseCapaResponse; HseCaseResponse; package-info,HIDRA_HSE_CAPABILITIES_READ,Derived metadata; route-specific backend @PreAuthorize evidence unavailable,src/main/java/dz/sh/hidra/modules/hse/api/rest/controller/SpringHseController.java
POST /api/v1/hse/capas,hse,SpringHseController,createHseCapa,CloseHseCaseRequest; CreateHseCapaRequest; OpenHseCaseRequest; package-info,HseCapaResponse; HseCaseResponse; package-info,HIDRA_HSE_CAPAS_EXECUTE,Derived metadata; route-specific backend @PreAuthorize evidence unavailable,src/main/java/dz/sh/hidra/modules/hse/api/rest/controller/SpringHseController.java
POST /api/v1/hse/cases,hse,SpringHseController,openHseCase,CloseHseCaseRequest; CreateHseCapaRequest; OpenHseCaseRequest; package-info,HseCapaResponse; HseCaseResponse; package-info,HIDRA_HSE_CASES_EXECUTE,Derived metadata; route-specific backend @PreAuthorize evidence unavailable,src/main/java/dz/sh/hidra/modules/hse/api/rest/controller/SpringHseController.java
POST /api/v1/hse/cases/closures,hse,SpringHseController,closeHseCase,CloseHseCaseRequest; CreateHseCapaRequest; OpenHseCaseRequest; package-info,HseCapaResponse; HseCaseResponse; package-info,HIDRA_HSE_CASES_EXECUTE,Derived metadata; route-specific backend @PreAuthorize evidence unavailable,src/main/java/dz/sh/hidra/modules/hse/api/rest/controller/SpringHseController.java
POST /api/v1/hse/close-hse-case,hse,SpringHseController,closeHseCase,CloseHseCaseRequest; CreateHseCapaRequest; OpenHseCaseRequest; package-info,HseCapaResponse; HseCaseResponse; package-info,HIDRA_HSE_CLOSE_HSE_CASE_EXECUTE,Derived metadata; route-specific backend @PreAuthorize evidence unavailable,src/main/java/dz/sh/hidra/modules/hse/api/rest/controller/SpringHseController.java
POST /api/v1/hse/create-hse-capa,hse,SpringHseController,createHseCapa,CloseHseCaseRequest; CreateHseCapaRequest; OpenHseCaseRequest; package-info,HseCapaResponse; HseCaseResponse; package-info,HIDRA_HSE_CREATE_HSE_CAPA_EXECUTE,Derived metadata; route-specific backend @PreAuthorize evidence unavailable,src/main/java/dz/sh/hidra/modules/hse/api/rest/controller/SpringHseController.java
POST /api/v1/hse/open-hse-case,hse,SpringHseController,openHseCase,CloseHseCaseRequest; CreateHseCapaRequest; OpenHseCaseRequest; package-info,HseCapaResponse; HseCaseResponse; package-info,HIDRA_HSE_OPEN_HSE_CASE_EXECUTE,Derived metadata; route-specific backend @PreAuthorize evidence unavailable,src/main/java/dz/sh/hidra/modules/hse/api/rest/controller/SpringHseController.java
GET /api/v1/identity/capabilities,identity,SpringIdentityController,capabilities,Unable to determine from static route evidence,PermissionDecisionResponse; UserResponse; package-info,HIDRA_IDENTITY_CAPABILITIES_READ,Derived metadata; route-specific backend @PreAuthorize evidence unavailable,src/main/java/dz/sh/hidra/modules/identity/api/rest/controller/SpringIdentityController.java
POST /api/v1/identity/create-user,identity,SpringIdentityController,createUser,CreateUserRequest; EvaluatePermissionRequest; package-info,PermissionDecisionResponse; UserResponse; package-info,HIDRA_IDENTITY_CREATE_USER_EXECUTE,Derived metadata; route-specific backend @PreAuthorize evidence unavailable,src/main/java/dz/sh/hidra/modules/identity/api/rest/controller/SpringIdentityController.java
POST /api/v1/identity/evaluate,identity,SpringIdentityController,evaluate,CreateUserRequest; EvaluatePermissionRequest; package-info,PermissionDecisionResponse; UserResponse; package-info,HIDRA_IDENTITY_EVALUATE_EXECUTE,Derived metadata; route-specific backend @PreAuthorize evidence unavailable,src/main/java/dz/sh/hidra/modules/identity/api/rest/controller/SpringIdentityController.java
POST /api/v1/identity/evaluate-permission,identity,SpringIdentityController,evaluate,CreateUserRequest; EvaluatePermissionRequest; package-info,PermissionDecisionResponse; UserResponse; package-info,HIDRA_IDENTITY_EVALUATE_PERMISSION_EXECUTE,Derived metadata; route-specific backend @PreAuthorize evidence unavailable,src/main/java/dz/sh/hidra/modules/identity/api/rest/controller/SpringIdentityController.java
POST /api/v1/identity/permissions/evaluations,identity,SpringIdentityController,evaluate,CreateUserRequest; EvaluatePermissionRequest; package-info,PermissionDecisionResponse; UserResponse; package-info,HIDRA_IDENTITY_PERMISSIONS_EXECUTE,Derived metadata; route-specific backend @PreAuthorize evidence unavailable,src/main/java/dz/sh/hidra/modules/identity/api/rest/controller/SpringIdentityController.java
POST /api/v1/identity/users,identity,SpringIdentityController,createUser,CreateUserRequest; EvaluatePermissionRequest; package-info,PermissionDecisionResponse; UserResponse; package-info,HIDRA_IDENTITY_USERS_EXECUTE,Derived metadata; route-specific backend @PreAuthorize evidence unavailable,src/main/java/dz/sh/hidra/modules/identity/api/rest/controller/SpringIdentityController.java
GET /api/v1/incident/capabilities,incident,SpringIncidentController,capabilities,Unable to determine from static route evidence,IncidentResponse; package-info,HIDRA_INCIDENT_CAPABILITIES_READ,Derived metadata; route-specific backend @PreAuthorize evidence unavailable,src/main/java/dz/sh/hidra/modules/incident/api/rest/controller/SpringIncidentController.java
POST /api/v1/incident/close-incident,incident,SpringIncidentController,closeIncident,CloseIncidentRequest; OpenIncidentRequest; RecordIncidentResponseActionRequest; package-info,IncidentResponse; package-info,HIDRA_INCIDENT_CLOSE_INCIDENT_EXECUTE,Derived metadata; route-specific backend @PreAuthorize evidence unavailable,src/main/java/dz/sh/hidra/modules/incident/api/rest/controller/SpringIncidentController.java
POST /api/v1/incident/incidents,incident,SpringIncidentController,openIncident,CloseIncidentRequest; OpenIncidentRequest; RecordIncidentResponseActionRequest; package-info,IncidentResponse; package-info,HIDRA_INCIDENT_INCIDENTS_EXECUTE,Derived metadata; route-specific backend @PreAuthorize evidence unavailable,src/main/java/dz/sh/hidra/modules/incident/api/rest/controller/SpringIncidentController.java
POST /api/v1/incident/incidents/closures,incident,SpringIncidentController,closeIncident,CloseIncidentRequest; OpenIncidentRequest; RecordIncidentResponseActionRequest; package-info,IncidentResponse; package-info,HIDRA_INCIDENT_INCIDENTS_EXECUTE,Derived metadata; route-specific backend @PreAuthorize evidence unavailable,src/main/java/dz/sh/hidra/modules/incident/api/rest/controller/SpringIncidentController.java
POST /api/v1/incident/open-incident,incident,SpringIncidentController,openIncident,CloseIncidentRequest; OpenIncidentRequest; RecordIncidentResponseActionRequest; package-info,IncidentResponse; package-info,HIDRA_INCIDENT_OPEN_INCIDENT_EXECUTE,Derived metadata; route-specific backend @PreAuthorize evidence unavailable,src/main/java/dz/sh/hidra/modules/incident/api/rest/controller/SpringIncidentController.java
POST /api/v1/incident/record-response-action,incident,SpringIncidentController,recordResponseAction,CloseIncidentRequest; OpenIncidentRequest; RecordIncidentResponseActionRequest; package-info,IncidentResponse; package-info,HIDRA_INCIDENT_RECORD_RESPONSE_ACTION_EXECUTE,Derived metadata; route-specific backend @PreAuthorize evidence unavailable,src/main/java/dz/sh/hidra/modules/incident/api/rest/controller/SpringIncidentController.java
POST /api/v1/incident/response-actions,incident,SpringIncidentController,recordResponseAction,CloseIncidentRequest; OpenIncidentRequest; RecordIncidentResponseActionRequest; package-info,IncidentResponse; package-info,HIDRA_INCIDENT_RESPONSE_ACTIONS_EXECUTE,Derived metadata; route-specific backend @PreAuthorize evidence unavailable,src/main/java/dz/sh/hidra/modules/incident/api/rest/controller/SpringIncidentController.java
GET /api/v1/integration/capabilities,integration,SpringIntegrationController,capabilities,Unable to determine from static route evidence,ExternalSystemResponse; IntegrationExchangeMessageResponse; IntegrationJobRunResponse; package-info,HIDRA_INTEGRATION_CAPABILITIES_READ,Derived metadata; route-specific backend @PreAuthorize evidence unavailable,src/main/java/dz/sh/hidra/modules/integration/api/rest/controller/SpringIntegrationController.java
POST /api/v1/integration/exchange-messages,integration,SpringIntegrationController,recordExchangeMessage,RecordExchangeMessageRequest; RegisterExternalSystemRequest; StartIntegrationJobRunRequest; package-info,ExternalSystemResponse; IntegrationExchangeMessageResponse; IntegrationJobRunResponse; package-info,HIDRA_INTEGRATION_EXCHANGE_MESSAGES_EXECUTE,Derived metadata; route-specific backend @PreAuthorize evidence unavailable,src/main/java/dz/sh/hidra/modules/integration/api/rest/controller/SpringIntegrationController.java
POST /api/v1/integration/external-systems,integration,SpringIntegrationController,registerExternalSystem,RecordExchangeMessageRequest; RegisterExternalSystemRequest; StartIntegrationJobRunRequest; package-info,ExternalSystemResponse; IntegrationExchangeMessageResponse; IntegrationJobRunResponse; package-info,HIDRA_INTEGRATION_EXTERNAL_SYSTEMS_EXECUTE,Derived metadata; route-specific backend @PreAuthorize evidence unavailable,src/main/java/dz/sh/hidra/modules/integration/api/rest/controller/SpringIntegrationController.java
POST /api/v1/integration/job-runs,integration,SpringIntegrationController,startIntegrationJobRun,RecordExchangeMessageRequest; RegisterExternalSystemRequest; StartIntegrationJobRunRequest; package-info,ExternalSystemResponse; IntegrationExchangeMessageResponse; IntegrationJobRunResponse; package-info,HIDRA_INTEGRATION_JOB_RUNS_EXECUTE,Derived metadata; route-specific backend @PreAuthorize evidence unavailable,src/main/java/dz/sh/hidra/modules/integration/api/rest/controller/SpringIntegrationController.java
POST /api/v1/integration/record-exchange-message,integration,SpringIntegrationController,recordExchangeMessage,RecordExchangeMessageRequest; RegisterExternalSystemRequest; StartIntegrationJobRunRequest; package-info,ExternalSystemResponse; IntegrationExchangeMessageResponse; IntegrationJobRunResponse; package-info,HIDRA_INTEGRATION_RECORD_EXCHANGE_MESSAGE_EXECUTE,Derived metadata; route-specific backend @PreAuthorize evidence unavailable,src/main/java/dz/sh/hidra/modules/integration/api/rest/controller/SpringIntegrationController.java
POST /api/v1/integration/register-external-system,integration,SpringIntegrationController,registerExternalSystem,RecordExchangeMessageRequest; RegisterExternalSystemRequest; StartIntegrationJobRunRequest; package-info,ExternalSystemResponse; IntegrationExchangeMessageResponse; IntegrationJobRunResponse; package-info,HIDRA_INTEGRATION_REGISTER_EXTERNAL_SYSTEM_EXECUTE,Derived metadata; route-specific backend @PreAuthorize evidence unavailable,src/main/java/dz/sh/hidra/modules/integration/api/rest/controller/SpringIntegrationController.java
POST /api/v1/integration/start-integration-job-run,integration,SpringIntegrationController,startIntegrationJobRun,RecordExchangeMessageRequest; RegisterExternalSystemRequest; StartIntegrationJobRunRequest; package-info,ExternalSystemResponse; IntegrationExchangeMessageResponse; IntegrationJobRunResponse; package-info,HIDRA_INTEGRATION_START_INTEGRATION_JOB_RUN_EXECUTE,Derived metadata; route-specific backend @PreAuthorize evidence unavailable,src/main/java/dz/sh/hidra/modules/integration/api/rest/controller/SpringIntegrationController.java
POST /api/v1/integrity/assessments,integrity,SpringIntegrityController,createIntegrityAssessment,CreateIntegrityAssessmentRequest; CreateIntegrityProgramRequest; OpenIntegrityCaseRequest; package-info,IntegrityAssessmentResponse; IntegrityCaseResponse; IntegrityProgramResponse; package-info,HIDRA_INTEGRITY_ASSESSMENTS_EXECUTE,Derived metadata; route-specific backend @PreAuthorize evidence unavailable,src/main/java/dz/sh/hidra/modules/integrity/api/rest/controller/SpringIntegrityController.java
GET /api/v1/integrity/capabilities,integrity,SpringIntegrityController,capabilities,Unable to determine from static route evidence,IntegrityAssessmentResponse; IntegrityCaseResponse; IntegrityProgramResponse; package-info,HIDRA_INTEGRITY_CAPABILITIES_READ,Derived metadata; route-specific backend @PreAuthorize evidence unavailable,src/main/java/dz/sh/hidra/modules/integrity/api/rest/controller/SpringIntegrityController.java
POST /api/v1/integrity/cases,integrity,SpringIntegrityController,openIntegrityCase,CreateIntegrityAssessmentRequest; CreateIntegrityProgramRequest; OpenIntegrityCaseRequest; package-info,IntegrityAssessmentResponse; IntegrityCaseResponse; IntegrityProgramResponse; package-info,HIDRA_INTEGRITY_CASES_EXECUTE,Derived metadata; route-specific backend @PreAuthorize evidence unavailable,src/main/java/dz/sh/hidra/modules/integrity/api/rest/controller/SpringIntegrityController.java
POST /api/v1/integrity/create-integrity-assessment,integrity,SpringIntegrityController,createIntegrityAssessment,CreateIntegrityAssessmentRequest; CreateIntegrityProgramRequest; OpenIntegrityCaseRequest; package-info,IntegrityAssessmentResponse; IntegrityCaseResponse; IntegrityProgramResponse; package-info,HIDRA_INTEGRITY_CREATE_INTEGRITY_ASSESSMENT_EXECUTE,Derived metadata; route-specific backend @PreAuthorize evidence unavailable,src/main/java/dz/sh/hidra/modules/integrity/api/rest/controller/SpringIntegrityController.java
POST /api/v1/integrity/create-integrity-program,integrity,SpringIntegrityController,createIntegrityProgram,CreateIntegrityAssessmentRequest; CreateIntegrityProgramRequest; OpenIntegrityCaseRequest; package-info,IntegrityAssessmentResponse; IntegrityCaseResponse; IntegrityProgramResponse; package-info,HIDRA_INTEGRITY_CREATE_INTEGRITY_PROGRAM_EXECUTE,Derived metadata; route-specific backend @PreAuthorize evidence unavailable,src/main/java/dz/sh/hidra/modules/integrity/api/rest/controller/SpringIntegrityController.java
POST /api/v1/integrity/open-integrity-case,integrity,SpringIntegrityController,openIntegrityCase,CreateIntegrityAssessmentRequest; CreateIntegrityProgramRequest; OpenIntegrityCaseRequest; package-info,IntegrityAssessmentResponse; IntegrityCaseResponse; IntegrityProgramResponse; package-info,HIDRA_INTEGRITY_OPEN_INTEGRITY_CASE_EXECUTE,Derived metadata; route-specific backend @PreAuthorize evidence unavailable,src/main/java/dz/sh/hidra/modules/integrity/api/rest/controller/SpringIntegrityController.java
POST /api/v1/integrity/programs,integrity,SpringIntegrityController,createIntegrityProgram,CreateIntegrityAssessmentRequest; CreateIntegrityProgramRequest; OpenIntegrityCaseRequest; package-info,IntegrityAssessmentResponse; IntegrityCaseResponse; IntegrityProgramResponse; package-info,HIDRA_INTEGRITY_PROGRAMS_EXECUTE,Derived metadata; route-specific backend @PreAuthorize evidence unavailable,src/main/java/dz/sh/hidra/modules/integrity/api/rest/controller/SpringIntegrityController.java
POST /api/v1/leak-detection/create-leak-candidate,leak-detection,SpringLeakDetectionController,createLeakCandidate,Unable to determine from available evidence,Map/List/Object or unable to determine from available evidence,HIDRA_LEAK_DETECTION_CREATE_LEAK_CANDIDATE_EXECUTE,Derived metadata; route-specific backend @PreAuthorize evidence unavailable,src/main/java/dz/sh/hidra/modules/leakdetection/api/rest/controller/SpringLeakDetectionController.java
POST /api/v1/leak-detection/open-leak-case,leak-detection,SpringLeakDetectionController,openLeakCase,Unable to determine from available evidence,Map/List/Object or unable to determine from available evidence,HIDRA_LEAK_DETECTION_OPEN_LEAK_CASE_EXECUTE,Derived metadata; route-specific backend @PreAuthorize evidence unavailable,src/main/java/dz/sh/hidra/modules/leakdetection/api/rest/controller/SpringLeakDetectionController.java
POST /api/v1/leakdetection/candidates,leakdetection,SpringLeakdetectionController,createLeakCandidate,CreateLeakCandidateRequest; EscalateLeakCaseRequest; OpenLeakCaseRequest; package-info,LeakCandidateResponse; LeakCaseResponse; package-info,HIDRA_LEAKDETECTION_CANDIDATES_EXECUTE,Derived metadata; route-specific backend @PreAuthorize evidence unavailable,src/main/java/dz/sh/hidra/modules/leakdetection/api/rest/controller/SpringLeakdetectionController.java
GET /api/v1/leakdetection/capabilities,leakdetection,SpringLeakdetectionController,capabilities,Unable to determine from static route evidence,LeakCandidateResponse; LeakCaseResponse; package-info,HIDRA_LEAKDETECTION_CAPABILITIES_READ,Derived metadata; route-specific backend @PreAuthorize evidence unavailable,src/main/java/dz/sh/hidra/modules/leakdetection/api/rest/controller/SpringLeakdetectionController.java
POST /api/v1/leakdetection/cases,leakdetection,SpringLeakdetectionController,openLeakCase,CreateLeakCandidateRequest; EscalateLeakCaseRequest; OpenLeakCaseRequest; package-info,LeakCandidateResponse; LeakCaseResponse; package-info,HIDRA_LEAKDETECTION_CASES_EXECUTE,Derived metadata; route-specific backend @PreAuthorize evidence unavailable,src/main/java/dz/sh/hidra/modules/leakdetection/api/rest/controller/SpringLeakdetectionController.java
POST /api/v1/leakdetection/cases/escalations,leakdetection,SpringLeakdetectionController,escalateLeakCase,CreateLeakCandidateRequest; EscalateLeakCaseRequest; OpenLeakCaseRequest; package-info,LeakCandidateResponse; LeakCaseResponse; package-info,HIDRA_LEAKDETECTION_CASES_EXECUTE,Derived metadata; route-specific backend @PreAuthorize evidence unavailable,src/main/java/dz/sh/hidra/modules/leakdetection/api/rest/controller/SpringLeakdetectionController.java
POST /api/v1/leakdetection/create-leak-candidate,leakdetection,SpringLeakdetectionController,createLeakCandidate,CreateLeakCandidateRequest; EscalateLeakCaseRequest; OpenLeakCaseRequest; package-info,LeakCandidateResponse; LeakCaseResponse; package-info,HIDRA_LEAKDETECTION_CREATE_LEAK_CANDIDATE_EXECUTE,Derived metadata; route-specific backend @PreAuthorize evidence unavailable,src/main/java/dz/sh/hidra/modules/leakdetection/api/rest/controller/SpringLeakdetectionController.java
POST /api/v1/leakdetection/escalate-leak-case,leakdetection,SpringLeakdetectionController,escalateLeakCase,CreateLeakCandidateRequest; EscalateLeakCaseRequest; OpenLeakCaseRequest; package-info,LeakCandidateResponse; LeakCaseResponse; package-info,HIDRA_LEAKDETECTION_ESCALATE_LEAK_CASE_EXECUTE,Derived metadata; route-specific backend @PreAuthorize evidence unavailable,src/main/java/dz/sh/hidra/modules/leakdetection/api/rest/controller/SpringLeakdetectionController.java
POST /api/v1/leakdetection/open-leak-case,leakdetection,SpringLeakdetectionController,openLeakCase,CreateLeakCandidateRequest; EscalateLeakCaseRequest; OpenLeakCaseRequest; package-info,LeakCandidateResponse; LeakCaseResponse; package-info,HIDRA_LEAKDETECTION_OPEN_LEAK_CASE_EXECUTE,Derived metadata; route-specific backend @PreAuthorize evidence unavailable,src/main/java/dz/sh/hidra/modules/leakdetection/api/rest/controller/SpringLeakdetectionController.java
GET /api/v1/monitoring/capabilities,monitoring,SpringMonitoringController,capabilities,Unable to determine from static route evidence,DeviationResponse; MonitoringRuleResponse; package-info,HIDRA_MONITORING_CAPABILITIES_READ,Derived metadata; route-specific backend @PreAuthorize evidence unavailable,src/main/java/dz/sh/hidra/modules/monitoring/api/rest/controller/SpringMonitoringController.java
POST /api/v1/monitoring/create-monitoring-rule,monitoring,SpringMonitoringController,createMonitoringRule,CreateMonitoringRuleRequest; RecordDeviationRequest; package-info,DeviationResponse; MonitoringRuleResponse; package-info,HIDRA_MONITORING_CREATE_MONITORING_RULE_EXECUTE,Derived metadata; route-specific backend @PreAuthorize evidence unavailable,src/main/java/dz/sh/hidra/modules/monitoring/api/rest/controller/SpringMonitoringController.java
POST /api/v1/monitoring/deviations,monitoring,SpringMonitoringController,recordDeviation,CreateMonitoringRuleRequest; RecordDeviationRequest; package-info,DeviationResponse; MonitoringRuleResponse; package-info,HIDRA_MONITORING_DEVIATIONS_EXECUTE,Derived metadata; route-specific backend @PreAuthorize evidence unavailable,src/main/java/dz/sh/hidra/modules/monitoring/api/rest/controller/SpringMonitoringController.java
POST /api/v1/monitoring/record-deviation,monitoring,SpringMonitoringController,recordDeviation,CreateMonitoringRuleRequest; RecordDeviationRequest; package-info,DeviationResponse; MonitoringRuleResponse; package-info,HIDRA_MONITORING_RECORD_DEVIATION_EXECUTE,Derived metadata; route-specific backend @PreAuthorize evidence unavailable,src/main/java/dz/sh/hidra/modules/monitoring/api/rest/controller/SpringMonitoringController.java
POST /api/v1/monitoring/rules,monitoring,SpringMonitoringController,createMonitoringRule,CreateMonitoringRuleRequest; RecordDeviationRequest; package-info,DeviationResponse; MonitoringRuleResponse; package-info,HIDRA_MONITORING_RULES_EXECUTE,Derived metadata; route-specific backend @PreAuthorize evidence unavailable,src/main/java/dz/sh/hidra/modules/monitoring/api/rest/controller/SpringMonitoringController.java
GET /api/v1/notification/capabilities,notification,SpringNotificationController,capabilities,Unable to determine from static route evidence,NotificationDeliveryAttemptResponse; NotificationMessageResponse; NotificationRequestResponse; package-info,HIDRA_NOTIFICATION_CAPABILITIES_READ,Derived metadata; route-specific backend @PreAuthorize evidence unavailable,src/main/java/dz/sh/hidra/modules/notification/api/rest/controller/SpringNotificationController.java
POST /api/v1/notification/create-notification-message,notification,SpringNotificationController,createNotificationMessage,CreateNotificationMessageRequest; ReceiveNotificationRequestRequest; RecordDeliveryAttemptRequest; package-info,NotificationDeliveryAttemptResponse; NotificationMessageResponse; NotificationRequestResponse; package-info,HIDRA_NOTIFICATION_CREATE_NOTIFICATION_MESSAGE_EXECUTE,Derived metadata; route-specific backend @PreAuthorize evidence unavailable,src/main/java/dz/sh/hidra/modules/notification/api/rest/controller/SpringNotificationController.java
POST /api/v1/notification/delivery-attempts,notification,SpringNotificationController,recordDeliveryAttempt,CreateNotificationMessageRequest; ReceiveNotificationRequestRequest; RecordDeliveryAttemptRequest; package-info,NotificationDeliveryAttemptResponse; NotificationMessageResponse; NotificationRequestResponse; package-info,HIDRA_NOTIFICATION_DELIVERY_ATTEMPTS_EXECUTE,Derived metadata; route-specific backend @PreAuthorize evidence unavailable,src/main/java/dz/sh/hidra/modules/notification/api/rest/controller/SpringNotificationController.java
POST /api/v1/notification/messages,notification,SpringNotificationController,createNotificationMessage,CreateNotificationMessageRequest; ReceiveNotificationRequestRequest; RecordDeliveryAttemptRequest; package-info,NotificationDeliveryAttemptResponse; NotificationMessageResponse; NotificationRequestResponse; package-info,HIDRA_NOTIFICATION_MESSAGES_EXECUTE,Derived metadata; route-specific backend @PreAuthorize evidence unavailable,src/main/java/dz/sh/hidra/modules/notification/api/rest/controller/SpringNotificationController.java
POST /api/v1/notification/receive-notification-request,notification,SpringNotificationController,receiveNotificationRequest,CreateNotificationMessageRequest; ReceiveNotificationRequestRequest; RecordDeliveryAttemptRequest; package-info,NotificationDeliveryAttemptResponse; NotificationMessageResponse; NotificationRequestResponse; package-info,HIDRA_NOTIFICATION_RECEIVE_NOTIFICATION_REQUEST_EXECUTE,Derived metadata; route-specific backend @PreAuthorize evidence unavailable,src/main/java/dz/sh/hidra/modules/notification/api/rest/controller/SpringNotificationController.java
POST /api/v1/notification/record-delivery-attempt,notification,SpringNotificationController,recordDeliveryAttempt,CreateNotificationMessageRequest; ReceiveNotificationRequestRequest; RecordDeliveryAttemptRequest; package-info,NotificationDeliveryAttemptResponse; NotificationMessageResponse; NotificationRequestResponse; package-info,HIDRA_NOTIFICATION_RECORD_DELIVERY_ATTEMPT_EXECUTE,Derived metadata; route-specific backend @PreAuthorize evidence unavailable,src/main/java/dz/sh/hidra/modules/notification/api/rest/controller/SpringNotificationController.java
POST /api/v1/notification/requests,notification,SpringNotificationController,receiveNotificationRequest,CreateNotificationMessageRequest; ReceiveNotificationRequestRequest; RecordDeliveryAttemptRequest; package-info,NotificationDeliveryAttemptResponse; NotificationMessageResponse; NotificationRequestResponse; package-info,HIDRA_NOTIFICATION_REQUESTS_EXECUTE,Derived metadata; route-specific backend @PreAuthorize evidence unavailable,src/main/java/dz/sh/hidra/modules/notification/api/rest/controller/SpringNotificationController.java
POST /api/v1/organization/assign-employee,organization,SpringOrganizationController,assignEmployee,AssignEmployeeRequest; CreateOrganizationUnitRequest; RegisterEmployeeRequest; package-info,EmployeeResponse; OrganizationUnitResponse; package-info,HIDRA_ORGANIZATION_ASSIGN_EMPLOYEE_EXECUTE,Derived metadata; route-specific backend @PreAuthorize evidence unavailable,src/main/java/dz/sh/hidra/modules/organization/api/rest/controller/SpringOrganizationController.java
GET /api/v1/organization/capabilities,organization,SpringOrganizationController,capabilities,Unable to determine from static route evidence,EmployeeResponse; OrganizationUnitResponse; package-info,HIDRA_ORGANIZATION_CAPABILITIES_READ,Derived metadata; route-specific backend @PreAuthorize evidence unavailable,src/main/java/dz/sh/hidra/modules/organization/api/rest/controller/SpringOrganizationController.java
POST /api/v1/organization/create-organization-unit,organization,SpringOrganizationController,createOrganizationUnit,AssignEmployeeRequest; CreateOrganizationUnitRequest; RegisterEmployeeRequest; package-info,EmployeeResponse; OrganizationUnitResponse; package-info,HIDRA_ORGANIZATION_CREATE_ORGANIZATION_UNIT_EXECUTE,Derived metadata; route-specific backend @PreAuthorize evidence unavailable,src/main/java/dz/sh/hidra/modules/organization/api/rest/controller/SpringOrganizationController.java
POST /api/v1/organization/employees,organization,SpringOrganizationController,registerEmployee,AssignEmployeeRequest; CreateOrganizationUnitRequest; RegisterEmployeeRequest; package-info,EmployeeResponse; OrganizationUnitResponse; package-info,HIDRA_ORGANIZATION_EMPLOYEES_EXECUTE,Derived metadata; route-specific backend @PreAuthorize evidence unavailable,src/main/java/dz/sh/hidra/modules/organization/api/rest/controller/SpringOrganizationController.java
POST /api/v1/organization/employees/assignments,organization,SpringOrganizationController,assignEmployee,AssignEmployeeRequest; CreateOrganizationUnitRequest; RegisterEmployeeRequest; package-info,EmployeeResponse; OrganizationUnitResponse; package-info,HIDRA_ORGANIZATION_EMPLOYEES_EXECUTE,Derived metadata; route-specific backend @PreAuthorize evidence unavailable,src/main/java/dz/sh/hidra/modules/organization/api/rest/controller/SpringOrganizationController.java
POST /api/v1/organization/register-employee,organization,SpringOrganizationController,registerEmployee,AssignEmployeeRequest; CreateOrganizationUnitRequest; RegisterEmployeeRequest; package-info,EmployeeResponse; OrganizationUnitResponse; package-info,HIDRA_ORGANIZATION_REGISTER_EMPLOYEE_EXECUTE,Derived metadata; route-specific backend @PreAuthorize evidence unavailable,src/main/java/dz/sh/hidra/modules/organization/api/rest/controller/SpringOrganizationController.java
POST /api/v1/organization/units,organization,SpringOrganizationController,createOrganizationUnit,AssignEmployeeRequest; CreateOrganizationUnitRequest; RegisterEmployeeRequest; package-info,EmployeeResponse; OrganizationUnitResponse; package-info,HIDRA_ORGANIZATION_UNITS_EXECUTE,Derived metadata; route-specific backend @PreAuthorize evidence unavailable,src/main/java/dz/sh/hidra/modules/organization/api/rest/controller/SpringOrganizationController.java
POST /api/v1/party/assign-role,party,SpringPartyController,assignRole,AssignPartyRoleRequest; RegisterPartyRequest; package-info,PartyResponse; package-info,HIDRA_PARTY_ASSIGN_ROLE_EXECUTE,Derived metadata; route-specific backend @PreAuthorize evidence unavailable,src/main/java/dz/sh/hidra/modules/party/api/rest/controller/SpringPartyController.java
GET /api/v1/party/capabilities,party,SpringPartyController,capabilities,Unable to determine from static route evidence,PartyResponse; package-info,HIDRA_PARTY_CAPABILITIES_READ,Derived metadata; route-specific backend @PreAuthorize evidence unavailable,src/main/java/dz/sh/hidra/modules/party/api/rest/controller/SpringPartyController.java
POST /api/v1/party/parties,party,SpringPartyController,registerParty,AssignPartyRoleRequest; RegisterPartyRequest; package-info,PartyResponse; package-info,HIDRA_PARTY_PARTIES_EXECUTE,Derived metadata; route-specific backend @PreAuthorize evidence unavailable,src/main/java/dz/sh/hidra/modules/party/api/rest/controller/SpringPartyController.java
POST /api/v1/party/register-party,party,SpringPartyController,registerParty,AssignPartyRoleRequest; RegisterPartyRequest; package-info,PartyResponse; package-info,HIDRA_PARTY_REGISTER_PARTY_EXECUTE,Derived metadata; route-specific backend @PreAuthorize evidence unavailable,src/main/java/dz/sh/hidra/modules/party/api/rest/controller/SpringPartyController.java
POST /api/v1/party/roles/assignments,party,SpringPartyController,assignRole,AssignPartyRoleRequest; RegisterPartyRequest; package-info,PartyResponse; package-info,HIDRA_PARTY_ROLES_EXECUTE,Derived metadata; route-specific backend @PreAuthorize evidence unavailable,src/main/java/dz/sh/hidra/modules/party/api/rest/controller/SpringPartyController.java
GET /api/v1/planning/capabilities,planning,SpringPlanningController,capabilities,Unable to determine from static route evidence,OperationalPlanResponse; PlanningPeriodResponse; package-info,HIDRA_PLANNING_CAPABILITIES_READ,Derived metadata; route-specific backend @PreAuthorize evidence unavailable,src/main/java/dz/sh/hidra/modules/planning/api/rest/controller/SpringPlanningController.java
POST /api/v1/planning/create-operational-plan,planning,SpringPlanningController,createOperationalPlan,CreateOperationalPlanRequest; CreatePlanningPeriodRequest; package-info,OperationalPlanResponse; PlanningPeriodResponse; package-info,HIDRA_PLANNING_CREATE_OPERATIONAL_PLAN_EXECUTE,Derived metadata; route-specific backend @PreAuthorize evidence unavailable,src/main/java/dz/sh/hidra/modules/planning/api/rest/controller/SpringPlanningController.java
POST /api/v1/planning/create-planning-period,planning,SpringPlanningController,createPlanningPeriod,CreateOperationalPlanRequest; CreatePlanningPeriodRequest; package-info,OperationalPlanResponse; PlanningPeriodResponse; package-info,HIDRA_PLANNING_CREATE_PLANNING_PERIOD_EXECUTE,Derived metadata; route-specific backend @PreAuthorize evidence unavailable,src/main/java/dz/sh/hidra/modules/planning/api/rest/controller/SpringPlanningController.java
POST /api/v1/planning/operational-plans,planning,SpringPlanningController,createOperationalPlan,CreateOperationalPlanRequest; CreatePlanningPeriodRequest; package-info,OperationalPlanResponse; PlanningPeriodResponse; package-info,HIDRA_PLANNING_OPERATIONAL_PLANS_EXECUTE,Derived metadata; route-specific backend @PreAuthorize evidence unavailable,src/main/java/dz/sh/hidra/modules/planning/api/rest/controller/SpringPlanningController.java
POST /api/v1/planning/periods,planning,SpringPlanningController,createPlanningPeriod,CreateOperationalPlanRequest; CreatePlanningPeriodRequest; package-info,OperationalPlanResponse; PlanningPeriodResponse; package-info,HIDRA_PLANNING_PERIODS_EXECUTE,Derived metadata; route-specific backend @PreAuthorize evidence unavailable,src/main/java/dz/sh/hidra/modules/planning/api/rest/controller/SpringPlanningController.java
GET /api/v1/realtime/capabilities,realtime,HidraRealtimeRestController,capabilities,Unable to determine from static route evidence,Map/List/Object or unable to determine from available evidence,HIDRA_REALTIME_CAPABILITIES_READ,Derived metadata; route-specific backend @PreAuthorize evidence unavailable,src/main/java/dz/sh/hidra/platform/realtime/HidraRealtimeRestController.java
GET /api/v1/realtime/sse,realtime,HidraRealtimeRestController,sse,Unable to determine from static route evidence,Map/List/Object or unable to determine from available evidence,HIDRA_REALTIME_SSE_READ,Derived metadata; route-specific backend @PreAuthorize evidence unavailable,src/main/java/dz/sh/hidra/platform/realtime/HidraRealtimeRestController.java
POST /api/v1/reporting/artifacts,reporting,SpringReportingController,generateReportArtifact,CreateReportDefinitionRequest; GenerateReportArtifactRequest; QueueReportRunRequest; RequestReportRequest; package-info,ReportDefinitionResponse; ReportOutputArtifactResponse; ReportRequestResponse; ReportRunResponse; package-info,HIDRA_REPORTING_ARTIFACTS_EXECUTE,Derived metadata; route-specific backend @PreAuthorize evidence unavailable,src/main/java/dz/sh/hidra/modules/reporting/api/rest/controller/SpringReportingController.java
GET /api/v1/reporting/capabilities,reporting,SpringReportingController,capabilities,Unable to determine from static route evidence,ReportDefinitionResponse; ReportOutputArtifactResponse; ReportRequestResponse; ReportRunResponse; package-info,HIDRA_REPORTING_CAPABILITIES_READ,Derived metadata; route-specific backend @PreAuthorize evidence unavailable,src/main/java/dz/sh/hidra/modules/reporting/api/rest/controller/SpringReportingController.java
POST /api/v1/reporting/create-report-definition,reporting,SpringReportingController,createReportDefinition,CreateReportDefinitionRequest; GenerateReportArtifactRequest; QueueReportRunRequest; RequestReportRequest; package-info,ReportDefinitionResponse; ReportOutputArtifactResponse; ReportRequestResponse; ReportRunResponse; package-info,HIDRA_REPORTING_CREATE_REPORT_DEFINITION_EXECUTE,Derived metadata; route-specific backend @PreAuthorize evidence unavailable,src/main/java/dz/sh/hidra/modules/reporting/api/rest/controller/SpringReportingController.java
POST /api/v1/reporting/definitions,reporting,SpringReportingController,createReportDefinition,CreateReportDefinitionRequest; GenerateReportArtifactRequest; QueueReportRunRequest; RequestReportRequest; package-info,ReportDefinitionResponse; ReportOutputArtifactResponse; ReportRequestResponse; ReportRunResponse; package-info,HIDRA_REPORTING_DEFINITIONS_EXECUTE,Derived metadata; route-specific backend @PreAuthorize evidence unavailable,src/main/java/dz/sh/hidra/modules/reporting/api/rest/controller/SpringReportingController.java
POST /api/v1/reporting/generate-report-artifact,reporting,SpringReportingController,generateReportArtifact,CreateReportDefinitionRequest; GenerateReportArtifactRequest; QueueReportRunRequest; RequestReportRequest; package-info,ReportDefinitionResponse; ReportOutputArtifactResponse; ReportRequestResponse; ReportRunResponse; package-info,HIDRA_REPORTING_GENERATE_REPORT_ARTIFACT_EXECUTE,Derived metadata; route-specific backend @PreAuthorize evidence unavailable,src/main/java/dz/sh/hidra/modules/reporting/api/rest/controller/SpringReportingController.java
POST /api/v1/reporting/queue-report-run,reporting,SpringReportingController,queueReportRun,CreateReportDefinitionRequest; GenerateReportArtifactRequest; QueueReportRunRequest; RequestReportRequest; package-info,ReportDefinitionResponse; ReportOutputArtifactResponse; ReportRequestResponse; ReportRunResponse; package-info,HIDRA_REPORTING_QUEUE_REPORT_RUN_EXECUTE,Derived metadata; route-specific backend @PreAuthorize evidence unavailable,src/main/java/dz/sh/hidra/modules/reporting/api/rest/controller/SpringReportingController.java
POST /api/v1/reporting/request-report,reporting,SpringReportingController,requestReport,CreateReportDefinitionRequest; GenerateReportArtifactRequest; QueueReportRunRequest; RequestReportRequest; package-info,ReportDefinitionResponse; ReportOutputArtifactResponse; ReportRequestResponse; ReportRunResponse; package-info,HIDRA_REPORTING_REQUEST_REPORT_EXECUTE,Derived metadata; route-specific backend @PreAuthorize evidence unavailable,src/main/java/dz/sh/hidra/modules/reporting/api/rest/controller/SpringReportingController.java
POST /api/v1/reporting/requests,reporting,SpringReportingController,requestReport,CreateReportDefinitionRequest; GenerateReportArtifactRequest; QueueReportRunRequest; RequestReportRequest; package-info,ReportDefinitionResponse; ReportOutputArtifactResponse; ReportRequestResponse; ReportRunResponse; package-info,HIDRA_REPORTING_REQUESTS_EXECUTE,Derived metadata; route-specific backend @PreAuthorize evidence unavailable,src/main/java/dz/sh/hidra/modules/reporting/api/rest/controller/SpringReportingController.java
POST /api/v1/reporting/runs,reporting,SpringReportingController,queueReportRun,CreateReportDefinitionRequest; GenerateReportArtifactRequest; QueueReportRunRequest; RequestReportRequest; package-info,ReportDefinitionResponse; ReportOutputArtifactResponse; ReportRequestResponse; ReportRunResponse; package-info,HIDRA_REPORTING_RUNS_EXECUTE,Derived metadata; route-specific backend @PreAuthorize evidence unavailable,src/main/java/dz/sh/hidra/modules/reporting/api/rest/controller/SpringReportingController.java
POST /api/v1/risk/add-risk-evidence,risk,SpringRiskController,addRiskEvidence,AddRiskEvidenceRequest; CreateRiskAssessmentRequest; CreateRiskRegisterRequest; package-info,RiskAssessmentResponse; RiskRegisterResponse; package-info,HIDRA_RISK_ADD_RISK_EVIDENCE_EXECUTE,Derived metadata; route-specific backend @PreAuthorize evidence unavailable,src/main/java/dz/sh/hidra/modules/risk/api/rest/controller/SpringRiskController.java
POST /api/v1/risk/assessments,risk,SpringRiskController,createRiskAssessment,AddRiskEvidenceRequest; CreateRiskAssessmentRequest; CreateRiskRegisterRequest; package-info,RiskAssessmentResponse; RiskRegisterResponse; package-info,HIDRA_RISK_ASSESSMENTS_EXECUTE,Derived metadata; route-specific backend @PreAuthorize evidence unavailable,src/main/java/dz/sh/hidra/modules/risk/api/rest/controller/SpringRiskController.java
GET /api/v1/risk/capabilities,risk,SpringRiskController,capabilities,Unable to determine from static route evidence,RiskAssessmentResponse; RiskRegisterResponse; package-info,HIDRA_RISK_CAPABILITIES_READ,Derived metadata; route-specific backend @PreAuthorize evidence unavailable,src/main/java/dz/sh/hidra/modules/risk/api/rest/controller/SpringRiskController.java
POST /api/v1/risk/create-risk-assessment,risk,SpringRiskController,createRiskAssessment,AddRiskEvidenceRequest; CreateRiskAssessmentRequest; CreateRiskRegisterRequest; package-info,RiskAssessmentResponse; RiskRegisterResponse; package-info,HIDRA_RISK_CREATE_RISK_ASSESSMENT_EXECUTE,Derived metadata; route-specific backend @PreAuthorize evidence unavailable,src/main/java/dz/sh/hidra/modules/risk/api/rest/controller/SpringRiskController.java
POST /api/v1/risk/create-risk-register,risk,SpringRiskController,createRiskRegister,AddRiskEvidenceRequest; CreateRiskAssessmentRequest; CreateRiskRegisterRequest; package-info,RiskAssessmentResponse; RiskRegisterResponse; package-info,HIDRA_RISK_CREATE_RISK_REGISTER_EXECUTE,Derived metadata; route-specific backend @PreAuthorize evidence unavailable,src/main/java/dz/sh/hidra/modules/risk/api/rest/controller/SpringRiskController.java
POST /api/v1/risk/evidence,risk,SpringRiskController,addRiskEvidence,AddRiskEvidenceRequest; CreateRiskAssessmentRequest; CreateRiskRegisterRequest; package-info,RiskAssessmentResponse; RiskRegisterResponse; package-info,HIDRA_RISK_EVIDENCE_EXECUTE,Derived metadata; route-specific backend @PreAuthorize evidence unavailable,src/main/java/dz/sh/hidra/modules/risk/api/rest/controller/SpringRiskController.java
POST /api/v1/risk/registers,risk,SpringRiskController,createRiskRegister,AddRiskEvidenceRequest; CreateRiskAssessmentRequest; CreateRiskRegisterRequest; package-info,RiskAssessmentResponse; RiskRegisterResponse; package-info,HIDRA_RISK_REGISTERS_EXECUTE,Derived metadata; route-specific backend @PreAuthorize evidence unavailable,src/main/java/dz/sh/hidra/modules/risk/api/rest/controller/SpringRiskController.java
GET /api/v1/security/permissions/catalog,security,HidraPermissionCatalogController,catalog,Unable to determine from static route evidence,Map/List/Object or unable to determine from available evidence,HIDRA_SECURITY_PERMISSIONS_READ,Derived metadata; route-specific backend @PreAuthorize evidence unavailable,src/main/java/dz/sh/hidra/platform/permissions/HidraPermissionCatalogController.java
GET /api/v1/security/permissions/routes,security,HidraPermissionCatalogController,routes,Unable to determine from static route evidence,Map/List/Object or unable to determine from available evidence,HIDRA_SECURITY_PERMISSIONS_READ,Derived metadata; route-specific backend @PreAuthorize evidence unavailable,src/main/java/dz/sh/hidra/platform/permissions/HidraPermissionCatalogController.java
GET /api/v1/simulation/capabilities,simulation,SpringSimulationController,capabilities,Unable to determine from static route evidence,SimulationModelResponse; SimulationRecommendationResponse; SimulationRunResponse; SimulationScenarioResponse; package-info,HIDRA_SIMULATION_CAPABILITIES_READ,Derived metadata; route-specific backend @PreAuthorize evidence unavailable,src/main/java/dz/sh/hidra/modules/simulation/api/rest/controller/SpringSimulationController.java
POST /api/v1/simulation/create-simulation-model,simulation,SpringSimulationController,createSimulationModel,CreateSimulationModelRequest; CreateSimulationScenarioRequest; PublishSimulationRecommendationRequest; QueueSimulationRunRequest; package-info,SimulationModelResponse; SimulationRecommendationResponse; SimulationRunResponse; SimulationScenarioResponse; package-info,HIDRA_SIMULATION_CREATE_SIMULATION_MODEL_EXECUTE,Derived metadata; route-specific backend @PreAuthorize evidence unavailable,src/main/java/dz/sh/hidra/modules/simulation/api/rest/controller/SpringSimulationController.java
POST /api/v1/simulation/create-simulation-scenario,simulation,SpringSimulationController,createSimulationScenario,CreateSimulationModelRequest; CreateSimulationScenarioRequest; PublishSimulationRecommendationRequest; QueueSimulationRunRequest; package-info,SimulationModelResponse; SimulationRecommendationResponse; SimulationRunResponse; SimulationScenarioResponse; package-info,HIDRA_SIMULATION_CREATE_SIMULATION_SCENARIO_EXECUTE,Derived metadata; route-specific backend @PreAuthorize evidence unavailable,src/main/java/dz/sh/hidra/modules/simulation/api/rest/controller/SpringSimulationController.java
POST /api/v1/simulation/models,simulation,SpringSimulationController,createSimulationModel,CreateSimulationModelRequest; CreateSimulationScenarioRequest; PublishSimulationRecommendationRequest; QueueSimulationRunRequest; package-info,SimulationModelResponse; SimulationRecommendationResponse; SimulationRunResponse; SimulationScenarioResponse; package-info,HIDRA_SIMULATION_MODELS_EXECUTE,Derived metadata; route-specific backend @PreAuthorize evidence unavailable,src/main/java/dz/sh/hidra/modules/simulation/api/rest/controller/SpringSimulationController.java
POST /api/v1/simulation/publish-simulation-recommendation,simulation,SpringSimulationController,publishSimulationRecommendation,CreateSimulationModelRequest; CreateSimulationScenarioRequest; PublishSimulationRecommendationRequest; QueueSimulationRunRequest; package-info,SimulationModelResponse; SimulationRecommendationResponse; SimulationRunResponse; SimulationScenarioResponse; package-info,HIDRA_SIMULATION_PUBLISH_SIMULATION_RECOMMENDATION_EXECUTE,Derived metadata; route-specific backend @PreAuthorize evidence unavailable,src/main/java/dz/sh/hidra/modules/simulation/api/rest/controller/SpringSimulationController.java
POST /api/v1/simulation/queue-simulation-run,simulation,SpringSimulationController,queueSimulationRun,CreateSimulationModelRequest; CreateSimulationScenarioRequest; PublishSimulationRecommendationRequest; QueueSimulationRunRequest; package-info,SimulationModelResponse; SimulationRecommendationResponse; SimulationRunResponse; SimulationScenarioResponse; package-info,HIDRA_SIMULATION_QUEUE_SIMULATION_RUN_EXECUTE,Derived metadata; route-specific backend @PreAuthorize evidence unavailable,src/main/java/dz/sh/hidra/modules/simulation/api/rest/controller/SpringSimulationController.java
POST /api/v1/simulation/recommendations,simulation,SpringSimulationController,publishSimulationRecommendation,CreateSimulationModelRequest; CreateSimulationScenarioRequest; PublishSimulationRecommendationRequest; QueueSimulationRunRequest; package-info,SimulationModelResponse; SimulationRecommendationResponse; SimulationRunResponse; SimulationScenarioResponse; package-info,HIDRA_SIMULATION_RECOMMENDATIONS_EXECUTE,Derived metadata; route-specific backend @PreAuthorize evidence unavailable,src/main/java/dz/sh/hidra/modules/simulation/api/rest/controller/SpringSimulationController.java
POST /api/v1/simulation/runs,simulation,SpringSimulationController,queueSimulationRun,CreateSimulationModelRequest; CreateSimulationScenarioRequest; PublishSimulationRecommendationRequest; QueueSimulationRunRequest; package-info,SimulationModelResponse; SimulationRecommendationResponse; SimulationRunResponse; SimulationScenarioResponse; package-info,HIDRA_SIMULATION_RUNS_EXECUTE,Derived metadata; route-specific backend @PreAuthorize evidence unavailable,src/main/java/dz/sh/hidra/modules/simulation/api/rest/controller/SpringSimulationController.java
POST /api/v1/simulation/scenarios,simulation,SpringSimulationController,createSimulationScenario,CreateSimulationModelRequest; CreateSimulationScenarioRequest; PublishSimulationRecommendationRequest; QueueSimulationRunRequest; package-info,SimulationModelResponse; SimulationRecommendationResponse; SimulationRunResponse; SimulationScenarioResponse; package-info,HIDRA_SIMULATION_SCENARIOS_EXECUTE,Derived metadata; route-specific backend @PreAuthorize evidence unavailable,src/main/java/dz/sh/hidra/modules/simulation/api/rest/controller/SpringSimulationController.java
GET /api/v1/telemetry/capabilities,telemetry,SpringTelemetryController,capabilities,Unable to determine from static route evidence,TelemetryPointResponse; TelemetrySourceResponse; package-info,HIDRA_TELEMETRY_CAPABILITIES_READ,Derived metadata; route-specific backend @PreAuthorize evidence unavailable,src/main/java/dz/sh/hidra/modules/telemetry/api/rest/controller/SpringTelemetryController.java
POST /api/v1/telemetry/create-telemetry-source,telemetry,SpringTelemetryController,createTelemetrySource,CreateTelemetrySourceRequest; RegisterTelemetryPointRequest; package-info,TelemetryPointResponse; TelemetrySourceResponse; package-info,HIDRA_TELEMETRY_CREATE_TELEMETRY_SOURCE_EXECUTE,Derived metadata; route-specific backend @PreAuthorize evidence unavailable,src/main/java/dz/sh/hidra/modules/telemetry/api/rest/controller/SpringTelemetryController.java
POST /api/v1/telemetry/points,telemetry,SpringTelemetryController,registerTelemetryPoint,CreateTelemetrySourceRequest; RegisterTelemetryPointRequest; package-info,TelemetryPointResponse; TelemetrySourceResponse; package-info,HIDRA_TELEMETRY_POINTS_EXECUTE,Derived metadata; route-specific backend @PreAuthorize evidence unavailable,src/main/java/dz/sh/hidra/modules/telemetry/api/rest/controller/SpringTelemetryController.java
POST /api/v1/telemetry/register-telemetry-point,telemetry,SpringTelemetryController,registerTelemetryPoint,CreateTelemetrySourceRequest; RegisterTelemetryPointRequest; package-info,TelemetryPointResponse; TelemetrySourceResponse; package-info,HIDRA_TELEMETRY_REGISTER_TELEMETRY_POINT_EXECUTE,Derived metadata; route-specific backend @PreAuthorize evidence unavailable,src/main/java/dz/sh/hidra/modules/telemetry/api/rest/controller/SpringTelemetryController.java
POST /api/v1/telemetry/sources,telemetry,SpringTelemetryController,createTelemetrySource,CreateTelemetrySourceRequest; RegisterTelemetryPointRequest; package-info,TelemetryPointResponse; TelemetrySourceResponse; package-info,HIDRA_TELEMETRY_SOURCES_EXECUTE,Derived metadata; route-specific backend @PreAuthorize evidence unavailable,src/main/java/dz/sh/hidra/modules/telemetry/api/rest/controller/SpringTelemetryController.java
GET /api/v1/topology/capabilities,topology,SpringTopologyController,capabilities,Unable to determine from static route evidence,FacilityResponse; PipelineSystemResponse; package-info,HIDRA_TOPOLOGY_CAPABILITIES_READ,Derived metadata; route-specific backend @PreAuthorize evidence unavailable,src/main/java/dz/sh/hidra/modules/topology/api/rest/controller/SpringTopologyController.java
POST /api/v1/topology/create-pipeline-system,topology,SpringTopologyController,createPipelineSystem,CreatePipelineSystemRequest; RegisterFacilityRequest; package-info,FacilityResponse; PipelineSystemResponse; package-info,HIDRA_TOPOLOGY_CREATE_PIPELINE_SYSTEM_EXECUTE,Derived metadata; route-specific backend @PreAuthorize evidence unavailable,src/main/java/dz/sh/hidra/modules/topology/api/rest/controller/SpringTopologyController.java
POST /api/v1/topology/facilities,topology,SpringTopologyController,registerFacility,CreatePipelineSystemRequest; RegisterFacilityRequest; package-info,FacilityResponse; PipelineSystemResponse; package-info,HIDRA_TOPOLOGY_FACILITIES_EXECUTE,Derived metadata; route-specific backend @PreAuthorize evidence unavailable,src/main/java/dz/sh/hidra/modules/topology/api/rest/controller/SpringTopologyController.java
GET /api/v1/topology/map/geojson,topology,TopologyMapController,geoJson,Unable to determine from static route evidence,FacilityResponse; PipelineSystemResponse; package-info,HIDRA_TOPOLOGY_MAP_READ,Derived metadata; route-specific backend @PreAuthorize evidence unavailable,src/main/java/dz/sh/hidra/modules/topology/api/rest/controller/TopologyMapController.java
GET /api/v1/topology/map/layers,topology,TopologyMapController,layers,Unable to determine from static route evidence,FacilityResponse; PipelineSystemResponse; package-info,HIDRA_TOPOLOGY_MAP_READ,Derived metadata; route-specific backend @PreAuthorize evidence unavailable,src/main/java/dz/sh/hidra/modules/topology/api/rest/controller/TopologyMapController.java
GET /api/v1/topology/map/layers/{layerId},topology,TopologyMapController,layer,Unable to determine from static route evidence,FacilityResponse; PipelineSystemResponse; package-info,HIDRA_TOPOLOGY_MAP_READ,Derived metadata; route-specific backend @PreAuthorize evidence unavailable,src/main/java/dz/sh/hidra/modules/topology/api/rest/controller/TopologyMapController.java
GET /api/v1/topology/map/layers/{layerId}/features,topology,TopologyMapController,features,Unable to determine from static route evidence,FacilityResponse; PipelineSystemResponse; package-info,HIDRA_TOPOLOGY_MAP_READ,Derived metadata; route-specific backend @PreAuthorize evidence unavailable,src/main/java/dz/sh/hidra/modules/topology/api/rest/controller/TopologyMapController.java
GET /api/v1/topology/map/search,topology,TopologyMapController,search,Unable to determine from static route evidence,FacilityResponse; PipelineSystemResponse; package-info,HIDRA_TOPOLOGY_MAP_SEARCH,Derived metadata; route-specific backend @PreAuthorize evidence unavailable,src/main/java/dz/sh/hidra/modules/topology/api/rest/controller/TopologyMapController.java
POST /api/v1/topology/pipeline-systems,topology,SpringTopologyController,createPipelineSystem,CreatePipelineSystemRequest; RegisterFacilityRequest; package-info,FacilityResponse; PipelineSystemResponse; package-info,HIDRA_TOPOLOGY_PIPELINE_SYSTEMS_EXECUTE,Derived metadata; route-specific backend @PreAuthorize evidence unavailable,src/main/java/dz/sh/hidra/modules/topology/api/rest/controller/SpringTopologyController.java
POST /api/v1/topology/register-facility,topology,SpringTopologyController,registerFacility,CreatePipelineSystemRequest; RegisterFacilityRequest; package-info,FacilityResponse; PipelineSystemResponse; package-info,HIDRA_TOPOLOGY_REGISTER_FACILITY_EXECUTE,Derived metadata; route-specific backend @PreAuthorize evidence unavailable,src/main/java/dz/sh/hidra/modules/topology/api/rest/controller/SpringTopologyController.java
GET /api/v1/workbench/modules,modules,HidraOperationalWorkbenchController,modules,Unable to determine from static route evidence,Map/List/Object or unable to determine from available evidence,HIDRA_MODULES_RESOURCES_READ,Derived metadata; route-specific backend @PreAuthorize evidence unavailable,src/main/java/dz/sh/hidra/platform/workbench/HidraOperationalWorkbenchController.java
GET /api/v1/workbench/{module}/resources,dynamic-module,HidraOperationalWorkbenchController,resources,Unable to determine from static route evidence,Map/List/Object or unable to determine from available evidence,HIDRA_DYNAMIC_MODULE_RESOURCES_READ,Derived metadata; route-specific backend @PreAuthorize evidence unavailable,src/main/java/dz/sh/hidra/platform/workbench/HidraOperationalWorkbenchController.java
GET /api/v1/workbench/{module}/{resource},dynamic-module,HidraOperationalWorkbenchController,list,Unable to determine from static route evidence,Map/List/Object or unable to determine from available evidence,HIDRA_DYNAMIC_MODULE_DYNAMIC_RESOURCE_READ,Derived metadata; route-specific backend @PreAuthorize evidence unavailable,src/main/java/dz/sh/hidra/platform/workbench/HidraOperationalWorkbenchController.java
POST /api/v1/workbench/{module}/{resource}/search,dynamic-module,HidraOperationalWorkbenchController,search,Unable to determine from available evidence,Map/List/Object or unable to determine from available evidence,HIDRA_DYNAMIC_MODULE_DYNAMIC_RESOURCE_SEARCH,Derived metadata; route-specific backend @PreAuthorize evidence unavailable,src/main/java/dz/sh/hidra/platform/workbench/HidraOperationalWorkbenchController.java
GET /api/v1/workbench/{module}/{resource}/{id},dynamic-module,HidraOperationalWorkbenchController,detail,Unable to determine from static route evidence,Map/List/Object or unable to determine from available evidence,HIDRA_DYNAMIC_MODULE_DYNAMIC_RESOURCE_DETAIL,Derived metadata; route-specific backend @PreAuthorize evidence unavailable,src/main/java/dz/sh/hidra/platform/workbench/HidraOperationalWorkbenchController.java
POST /api/v1/workflow/actions,workflow,SpringWorkflowController,recordWorkflowAction,CreateWorkflowTaskRequest; RecordWorkflowActionRequest; StartWorkflowInstanceRequest; package-info,WorkflowActionResponse; WorkflowInstanceResponse; WorkflowTaskResponse; package-info,HIDRA_WORKFLOW_ACTIONS_EXECUTE,Derived metadata; route-specific backend @PreAuthorize evidence unavailable,src/main/java/dz/sh/hidra/modules/workflow/api/rest/controller/SpringWorkflowController.java
GET /api/v1/workflow/capabilities,workflow,SpringWorkflowController,capabilities,Unable to determine from static route evidence,WorkflowActionResponse; WorkflowInstanceResponse; WorkflowTaskResponse; package-info,HIDRA_WORKFLOW_CAPABILITIES_READ,Derived metadata; route-specific backend @PreAuthorize evidence unavailable,src/main/java/dz/sh/hidra/modules/workflow/api/rest/controller/SpringWorkflowController.java
POST /api/v1/workflow/create-workflow-task,workflow,SpringWorkflowController,createWorkflowTask,CreateWorkflowTaskRequest; RecordWorkflowActionRequest; StartWorkflowInstanceRequest; package-info,WorkflowActionResponse; WorkflowInstanceResponse; WorkflowTaskResponse; package-info,HIDRA_WORKFLOW_CREATE_WORKFLOW_TASK_EXECUTE,Derived metadata; route-specific backend @PreAuthorize evidence unavailable,src/main/java/dz/sh/hidra/modules/workflow/api/rest/controller/SpringWorkflowController.java
POST /api/v1/workflow/instances,workflow,SpringWorkflowController,startWorkflowInstance,CreateWorkflowTaskRequest; RecordWorkflowActionRequest; StartWorkflowInstanceRequest; package-info,WorkflowActionResponse; WorkflowInstanceResponse; WorkflowTaskResponse; package-info,HIDRA_WORKFLOW_INSTANCES_EXECUTE,Derived metadata; route-specific backend @PreAuthorize evidence unavailable,src/main/java/dz/sh/hidra/modules/workflow/api/rest/controller/SpringWorkflowController.java
POST /api/v1/workflow/record-workflow-action,workflow,SpringWorkflowController,recordWorkflowAction,CreateWorkflowTaskRequest; RecordWorkflowActionRequest; StartWorkflowInstanceRequest; package-info,WorkflowActionResponse; WorkflowInstanceResponse; WorkflowTaskResponse; package-info,HIDRA_WORKFLOW_RECORD_WORKFLOW_ACTION_EXECUTE,Derived metadata; route-specific backend @PreAuthorize evidence unavailable,src/main/java/dz/sh/hidra/modules/workflow/api/rest/controller/SpringWorkflowController.java
POST /api/v1/workflow/start-workflow-instance,workflow,SpringWorkflowController,startWorkflowInstance,CreateWorkflowTaskRequest; RecordWorkflowActionRequest; StartWorkflowInstanceRequest; package-info,WorkflowActionResponse; WorkflowInstanceResponse; WorkflowTaskResponse; package-info,HIDRA_WORKFLOW_START_WORKFLOW_INSTANCE_EXECUTE,Derived metadata; route-specific backend @PreAuthorize evidence unavailable,src/main/java/dz/sh/hidra/modules/workflow/api/rest/controller/SpringWorkflowController.java
POST /api/v1/workflow/tasks,workflow,SpringWorkflowController,createWorkflowTask,CreateWorkflowTaskRequest; RecordWorkflowActionRequest; StartWorkflowInstanceRequest; package-info,WorkflowActionResponse; WorkflowInstanceResponse; WorkflowTaskResponse; package-info,HIDRA_WORKFLOW_TASKS_EXECUTE,Derived metadata; route-specific backend @PreAuthorize evidence unavailable,src/main/java/dz/sh/hidra/modules/workflow/api/rest/controller/SpringWorkflowController.java
GET /api/v1/{module}/workbench/resources,dynamic-module,HidraOperationalWorkbenchController,resources,Unable to determine from static route evidence,Map/List/Object or unable to determine from available evidence,HIDRA_DYNAMIC_MODULE_WORKBENCH_READ,Derived metadata; route-specific backend @PreAuthorize evidence unavailable,src/main/java/dz/sh/hidra/platform/workbench/HidraOperationalWorkbenchController.java
GET /api/v1/{module}/workbench/{resource},dynamic-module,HidraOperationalWorkbenchController,list,Unable to determine from static route evidence,Map/List/Object or unable to determine from available evidence,HIDRA_DYNAMIC_MODULE_WORKBENCH_READ,Derived metadata; route-specific backend @PreAuthorize evidence unavailable,src/main/java/dz/sh/hidra/platform/workbench/HidraOperationalWorkbenchController.java
POST /api/v1/{module}/workbench/{resource}/search,dynamic-module,HidraOperationalWorkbenchController,search,Unable to determine from available evidence,Map/List/Object or unable to determine from available evidence,HIDRA_DYNAMIC_MODULE_WORKBENCH_SEARCH,Derived metadata; route-specific backend @PreAuthorize evidence unavailable,src/main/java/dz/sh/hidra/platform/workbench/HidraOperationalWorkbenchController.java
GET /api/v1/{module}/workbench/{resource}/{id},dynamic-module,HidraOperationalWorkbenchController,detail,Unable to determine from static route evidence,Map/List/Object or unable to determine from available evidence,HIDRA_DYNAMIC_MODULE_WORKBENCH_DETAIL,Derived metadata; route-specific backend @PreAuthorize evidence unavailable,src/main/java/dz/sh/hidra/platform/workbench/HidraOperationalWorkbenchController.java
