module,kind,name,fields,field_count,path
alarm,request,AcknowledgeAlarmRequest,"[{'type': 'String', 'name': 'alarmId'}, {'type': 'String', 'name': 'acknowledgedByActorId'}, {'type': 'String', 'name': 'acknowledgedByDisplayName'}, {'type': 'String', 'name': 'organizationUnitId'}, {'type': 'String', 'name': 'organizationUnitCode'}, {'type': 'String', 'name': 'comment'}, {'type': 'String', 'name': 'correlationId'}]",7,src/main/java/dz/sh/hidra/modules/alarm/api/rest/request/AcknowledgeAlarmRequest.java
alarm,request,CloseAlarmRequest,"[{'type': 'String', 'name': 'alarmId'}, {'type': 'AlarmClosureType', 'name': 'closureType'}, {'type': 'String', 'name': 'closureReasonId'}, {'type': 'String', 'name': 'closureComment'}, {'type': 'String', 'name': 'closedByActorId'}, {'type': 'boolean', 'name': 'requiresReview'}, {'type': 'String', 'name': 'reviewWorkflowInstanceId'}, {'type': 'String', 'name': 'correlationId'}]",8,src/main/java/dz/sh/hidra/modules/alarm/api/rest/request/CloseAlarmRequest.java
alarm,request,RaiseAlarmRequest,"[{'type': 'String', 'name': 'alarmNumber'}, {'type': 'String', 'name': 'alarmTypeId'}, {'type': 'String', 'name': 'severityId'}, {'type': 'String', 'name': 'priorityId'}, {'type': 'String', 'name': 'titleAr'}, {'type': 'String', 'name': 'titleFr'}, {'type': 'String', 'name': 'titleEn'}, {'type': 'String', 'name': 'descriptionAr'}, {'type': 'String', 'name': 'descriptionFr'}, {'type': 'String', 'name': 'descriptionEn'}, {'type': 'AlarmSourceType', 'name': 'sourceType'}, {'type': 'String', 'name': 'sourceReferenceId'}, {'type': 'String', 'name': 'monitoringAlertCandidateId'}, {'type': 'String', 'name': 'monitoringEvaluationId'}, {'type': 'String', 'name': 'telemetryReadingId'}, {'type': 'String', 'name': 'planningTargetId'}, {'type': 'String', 'name': 'topologyAssetTypeCode'}, {'type': 'String', 'name': 'topologyAssetId'}, {'type': 'String', 'name': 'topologyAssetCode'}, {'type': 'String', 'name': 'topologyAssetNameSnapshot'}, {'type': 'Instant', 'name': 'firstDetectedAt'}, {'type': 'String', 'name': 'owningOrganizationUnitId'}, {'type': 'String', 'name': 'owningOrganizationUnitCode'}, {'type': 'String', 'name': 'owningOrganizationUnitNameSnapshot'}, {'type': 'String', 'name': 'workflowInstanceId'}, {'type': 'String', 'name': 'correlationId'}]",26,src/main/java/dz/sh/hidra/modules/alarm/api/rest/request/RaiseAlarmRequest.java
alarm,request,package-info,[],0,src/main/java/dz/sh/hidra/modules/alarm/api/rest/request/package-info.java
alarm,response,AlarmResponse,"[{'type': 'String', 'name': 'id'}, {'type': 'String', 'name': 'alarmNumber'}, {'type': 'String', 'name': 'alarmTypeId'}, {'type': 'String', 'name': 'severityId'}, {'type': 'String', 'name': 'titleFr'}, {'type': 'AlarmSourceType', 'name': 'sourceType'}, {'type': 'String', 'name': 'topologyAssetTypeCode'}, {'type': 'String', 'name': 'topologyAssetId'}, {'type': 'String', 'name': 'topologyAssetCode'}, {'type': 'AlarmState', 'name': 'currentState'}, {'type': 'Instant', 'name': 'raisedAt'}, {'type': 'Instant', 'name': 'acknowledgedAt'}, {'type': 'Instant', 'name': 'closedAt'}]",13,src/main/java/dz/sh/hidra/modules/alarm/api/rest/response/AlarmResponse.java
alarm,response,package-info,[],0,src/main/java/dz/sh/hidra/modules/alarm/api/rest/response/package-info.java
analytics,request,CreateAnalyticsDatasetRequest,"[{'type': 'String', 'name': 'code'}, {'type': 'String', 'name': 'nameAr'}, {'type': 'String', 'name': 'nameFr'}, {'type': 'String', 'name': 'nameEn'}, {'type': 'String', 'name': 'subjectAreaId'}, {'type': 'AnalyticsDatasetType', 'name': 'datasetType'}, {'type': 'AnalyticsRefreshMode', 'name': 'refreshMode'}, {'type': 'String', 'name': 'schemaVersion'}, {'type': 'String', 'name': 'createdFrom'}]",9,src/main/java/dz/sh/hidra/modules/analytics/api/rest/request/CreateAnalyticsDatasetRequest.java
analytics,request,CreateAnalyticsInsightRequest,"[{'type': 'String', 'name': 'insightType'}, {'type': 'String', 'name': 'subjectAreaId'}, {'type': 'String', 'name': 'scopeType'}, {'type': 'String', 'name': 'scopeId'}, {'type': 'String', 'name': 'title'}, {'type': 'String', 'name': 'summary'}, {'type': 'String', 'name': 'severityId'}, {'type': 'BigDecimal', 'name': 'confidenceScore'}, {'type': 'String', 'name': 'sourceProjectionSnapshotId'}, {'type': 'String', 'name': 'sourceTrendAnalysisId'}, {'type': 'String', 'name': 'sourceModelRunId'}]",11,src/main/java/dz/sh/hidra/modules/analytics/api/rest/request/CreateAnalyticsInsightRequest.java
analytics,request,RunMetricEvaluationRequest,"[{'type': 'String', 'name': 'metricDefinitionVersionId'}, {'type': 'Instant', 'name': 'periodStart'}, {'type': 'Instant', 'name': 'periodEnd'}, {'type': 'String', 'name': 'scopeType'}, {'type': 'String', 'name': 'scopeId'}, {'type': 'String', 'name': 'correlationId'}]",6,src/main/java/dz/sh/hidra/modules/analytics/api/rest/request/RunMetricEvaluationRequest.java
analytics,request,RunProjectionRequest,"[{'type': 'String', 'name': 'projectionDefinitionId'}, {'type': 'AnalyticsRunMode', 'name': 'runMode'}, {'type': 'Instant', 'name': 'periodStart'}, {'type': 'Instant', 'name': 'periodEnd'}, {'type': 'String', 'name': 'correlationId'}]",5,src/main/java/dz/sh/hidra/modules/analytics/api/rest/request/RunProjectionRequest.java
analytics,request,package-info,[],0,src/main/java/dz/sh/hidra/modules/analytics/api/rest/request/package-info.java
analytics,response,AnalyticsDatasetResponse,"[{'type': 'String', 'name': 'id'}, {'type': 'String', 'name': 'code'}, {'type': 'String', 'name': 'nameFr'}, {'type': 'String', 'name': 'subjectAreaId'}, {'type': 'AnalyticsDatasetType', 'name': 'datasetType'}, {'type': 'AnalyticsRefreshMode', 'name': 'refreshMode'}, {'type': 'AnalyticsLineageStatus', 'name': 'lineageStatus'}, {'type': 'AnalyticsQualityStatus', 'name': 'qualityStatus'}]",8,src/main/java/dz/sh/hidra/modules/analytics/api/rest/response/AnalyticsDatasetResponse.java
analytics,response,AnalyticsInsightResponse,"[{'type': 'String', 'name': 'id'}, {'type': 'String', 'name': 'insightType'}, {'type': 'String', 'name': 'subjectAreaId'}, {'type': 'String', 'name': 'scopeType'}, {'type': 'String', 'name': 'scopeId'}, {'type': 'String', 'name': 'title'}, {'type': 'String', 'name': 'severityId'}, {'type': 'BigDecimal', 'name': 'confidenceScore'}, {'type': 'AnalyticsInsightStatus', 'name': 'status'}]",9,src/main/java/dz/sh/hidra/modules/analytics/api/rest/response/AnalyticsInsightResponse.java
analytics,response,AnalyticsProjectionRunResponse,"[{'type': 'String', 'name': 'id'}, {'type': 'String', 'name': 'projectionDefinitionId'}, {'type': 'AnalyticsRunStatus', 'name': 'runStatus'}, {'type': 'AnalyticsRunMode', 'name': 'runMode'}, {'type': 'Instant', 'name': 'periodStart'}, {'type': 'Instant', 'name': 'periodEnd'}, {'type': 'String', 'name': 'correlationId'}]",7,src/main/java/dz/sh/hidra/modules/analytics/api/rest/response/AnalyticsProjectionRunResponse.java
analytics,response,MetricEvaluationRunResponse,"[{'type': 'String', 'name': 'id'}, {'type': 'String', 'name': 'metricDefinitionVersionId'}, {'type': 'AnalyticsRunStatus', 'name': 'runStatus'}, {'type': 'Instant', 'name': 'periodStart'}, {'type': 'Instant', 'name': 'periodEnd'}, {'type': 'String', 'name': 'scopeType'}, {'type': 'String', 'name': 'scopeId'}, {'type': 'String', 'name': 'correlationId'}]",8,src/main/java/dz/sh/hidra/modules/analytics/api/rest/response/MetricEvaluationRunResponse.java
analytics,response,package-info,[],0,src/main/java/dz/sh/hidra/modules/analytics/api/rest/response/package-info.java
assets,request,CreateMaintenanceWorkOrderRequest,"[{'type': 'String', 'name': 'workOrderNumber'}, {'type': 'String', 'name': 'maintainableAssetId'}, {'type': 'String', 'name': 'maintenancePlanId'}, {'type': 'String', 'name': 'sourceRecommendationId'}, {'type': 'String', 'name': 'workOrderTypeId'}, {'type': 'String', 'name': 'priorityId'}, {'type': 'String', 'name': 'title'}, {'type': 'String', 'name': 'description'}, {'type': 'String', 'name': 'assignedOrganizationUnitId'}, {'type': 'String', 'name': 'assignedActorId'}, {'type': 'Instant', 'name': 'plannedStartAt'}, {'type': 'Instant', 'name': 'plannedEndAt'}, {'type': 'String', 'name': 'workflowInstanceId'}, {'type': 'String', 'name': 'createdByActorId'}]",14,src/main/java/dz/sh/hidra/modules/assets/api/rest/request/CreateMaintenanceWorkOrderRequest.java
assets,request,RecordAssetConditionRequest,"[{'type': 'String', 'name': 'maintainableAssetId'}, {'type': 'AssetConditionStatus', 'name': 'conditionStatus'}, {'type': 'String', 'name': 'conditionTypeId'}, {'type': 'String', 'name': 'sourceModule'}, {'type': 'String', 'name': 'sourceReferenceId'}, {'type': 'String', 'name': 'summary'}, {'type': 'BigDecimal', 'name': 'conditionScore'}, {'type': 'Instant', 'name': 'observedAt'}, {'type': 'String', 'name': 'observedByActorId'}]",9,src/main/java/dz/sh/hidra/modules/assets/api/rest/request/RecordAssetConditionRequest.java
assets,request,RegisterMaintainableAssetRequest,"[{'type': 'String', 'name': 'assetNumber'}, {'type': 'String', 'name': 'assetCode'}, {'type': 'String', 'name': 'assetName'}, {'type': 'String', 'name': 'assetTypeId'}, {'type': 'String', 'name': 'topologyAssetTypeCode'}, {'type': 'String', 'name': 'topologyAssetId'}, {'type': 'String', 'name': 'topologyAssetCodeSnapshot'}, {'type': 'String', 'name': 'topologyAssetNameSnapshot'}, {'type': 'String', 'name': 'criticalityId'}, {'type': 'String', 'name': 'ownerOrganizationUnitId'}, {'type': 'String', 'name': 'ownerOrganizationUnitNameSnapshot'}, {'type': 'String', 'name': 'manufacturerPartyId'}, {'type': 'String', 'name': 'manufacturerNameSnapshot'}, {'type': 'String', 'name': 'modelId'}, {'type': 'String', 'name': 'serialIdentityId'}, {'type': 'Instant', 'name': 'installedAt'}, {'type': 'Instant', 'name': 'commissionedAt'}, {'type': 'String', 'name': 'createdByActorId'}]",18,src/main/java/dz/sh/hidra/modules/assets/api/rest/request/RegisterMaintainableAssetRequest.java
assets,request,package-info,[],0,src/main/java/dz/sh/hidra/modules/assets/api/rest/request/package-info.java
assets,response,AssetConditionResponse,"[{'type': 'String', 'name': 'id'}, {'type': 'String', 'name': 'maintainableAssetId'}, {'type': 'AssetConditionStatus', 'name': 'conditionStatus'}, {'type': 'BigDecimal', 'name': 'conditionScore'}, {'type': 'Instant', 'name': 'observedAt'}]",5,src/main/java/dz/sh/hidra/modules/assets/api/rest/response/AssetConditionResponse.java
assets,response,MaintainableAssetResponse,"[{'type': 'String', 'name': 'id'}, {'type': 'String', 'name': 'assetNumber'}, {'type': 'String', 'name': 'assetCode'}, {'type': 'String', 'name': 'assetName'}, {'type': 'String', 'name': 'assetTypeId'}, {'type': 'String', 'name': 'topologyAssetTypeCode'}, {'type': 'String', 'name': 'topologyAssetId'}, {'type': 'AssetLifecycleStatus', 'name': 'status'}, {'type': 'String', 'name': 'criticalityId'}, {'type': 'Instant', 'name': 'registeredAt'}]",10,src/main/java/dz/sh/hidra/modules/assets/api/rest/response/MaintainableAssetResponse.java
assets,response,MaintenanceWorkOrderResponse,"[{'type': 'String', 'name': 'id'}, {'type': 'String', 'name': 'workOrderNumber'}, {'type': 'String', 'name': 'maintainableAssetId'}, {'type': 'String', 'name': 'sourceRecommendationId'}, {'type': 'String', 'name': 'workOrderTypeId'}, {'type': 'MaintenanceWorkOrderStatus', 'name': 'status'}, {'type': 'String', 'name': 'title'}, {'type': 'Instant', 'name': 'plannedStartAt'}, {'type': 'Instant', 'name': 'completedAt'}]",9,src/main/java/dz/sh/hidra/modules/assets/api/rest/response/MaintenanceWorkOrderResponse.java
assets,response,package-info,[],0,src/main/java/dz/sh/hidra/modules/assets/api/rest/response/package-info.java
audit,request,RecordAuditAccessRequest,"[{'type': 'String', 'name': 'actorId'}, {'type': 'String', 'name': 'actorDisplayNameSnapshot'}, {'type': 'AuditAccessType', 'name': 'accessType'}, {'type': 'String', 'name': 'auditEventId'}, {'type': 'String', 'name': 'searchFilterHash'}, {'type': 'String', 'name': 'exportRequestId'}, {'type': 'Integer', 'name': 'resultCount'}, {'type': 'String', 'name': 'purposeText'}, {'type': 'String', 'name': 'correlationId'}]",9,src/main/java/dz/sh/hidra/modules/audit/api/rest/request/RecordAuditAccessRequest.java
audit,request,RecordAuditEventRequest,"[{'type': 'String', 'name': 'eventTypeId'}, {'type': 'String', 'name': 'eventCategoryId'}, {'type': 'String', 'name': 'severityId'}, {'type': 'String', 'name': 'sourceModule'}, {'type': 'String', 'name': 'sourceComponent'}, {'type': 'String', 'name': 'sourceEventId'}, {'type': 'String', 'name': 'actionCode'}, {'type': 'String', 'name': 'actionLabelSnapshot'}, {'type': 'String', 'name': 'actorId'}, {'type': 'AuditActorType', 'name': 'actorType'}, {'type': 'String', 'name': 'actorDisplayNameSnapshot'}, {'type': 'String', 'name': 'actorUsernameSnapshot'}, {'type': 'String', 'name': 'targetModule'}, {'type': 'String', 'name': 'targetType'}, {'type': 'String', 'name': 'targetId'}, {'type': 'String', 'name': 'targetCodeSnapshot'}, {'type': 'String', 'name': 'targetLabelSnapshot'}, {'type': 'AuditOperation', 'name': 'operation'}, {'type': 'String', 'name': 'decisionCode'}, {'type': 'String', 'name': 'reasonId'}, {'type': 'String', 'name': 'reasonText'}, {'type': 'String', 'name': 'workflowInstanceId'}, {'type': 'String', 'name': 'workflowTaskId'}, {'type': 'String', 'name': 'workflowActionId'}, {'type': 'String', 'name': 'requestId'}, {'type': 'String', 'name': 'correlationId'}, {'type': 'String', 'name': 'causationId'}, {'type': 'Instant', 'name': 'occurredAt'}, {'type': 'String', 'name': 'payloadJson'}]",29,src/main/java/dz/sh/hidra/modules/audit/api/rest/request/RecordAuditEventRequest.java
audit,request,RequestAuditExportRequest,"[{'type': 'String', 'name': 'requestedByActorId'}, {'type': 'String', 'name': 'requestedByDisplayNameSnapshot'}, {'type': 'String', 'name': 'purposeId'}, {'type': 'String', 'name': 'filterJson'}, {'type': 'String', 'name': 'format'}, {'type': 'String', 'name': 'workflowInstanceId'}]",6,src/main/java/dz/sh/hidra/modules/audit/api/rest/request/RequestAuditExportRequest.java
audit,request,package-info,[],0,src/main/java/dz/sh/hidra/modules/audit/api/rest/request/package-info.java
audit,response,AuditAccessRecordResponse,"[{'type': 'String', 'name': 'id'}, {'type': 'String', 'name': 'actorId'}, {'type': 'AuditAccessType', 'name': 'accessType'}, {'type': 'String', 'name': 'auditEventId'}, {'type': 'String', 'name': 'exportRequestId'}, {'type': 'Integer', 'name': 'resultCount'}, {'type': 'Instant', 'name': 'accessedAt'}]",7,src/main/java/dz/sh/hidra/modules/audit/api/rest/response/AuditAccessRecordResponse.java
audit,response,AuditEventResponse,"[{'type': 'String', 'name': 'id'}, {'type': 'String', 'name': 'sourceModule'}, {'type': 'String', 'name': 'actionCode'}, {'type': 'AuditEventStatus', 'name': 'eventStatus'}, {'type': 'String', 'name': 'actorId'}, {'type': 'AuditActorType', 'name': 'actorType'}, {'type': 'String', 'name': 'targetModule'}, {'type': 'String', 'name': 'targetType'}, {'type': 'String', 'name': 'targetId'}, {'type': 'AuditOperation', 'name': 'operation'}, {'type': 'String', 'name': 'correlationId'}, {'type': 'Instant', 'name': 'occurredAt'}, {'type': 'Instant', 'name': 'recordedAt'}]",13,src/main/java/dz/sh/hidra/modules/audit/api/rest/response/AuditEventResponse.java
audit,response,AuditExportRequestResponse,"[{'type': 'String', 'name': 'id'}, {'type': 'String', 'name': 'requestedByActorId'}, {'type': 'String', 'name': 'purposeId'}, {'type': 'String', 'name': 'format'}, {'type': 'AuditExportStatus', 'name': 'status'}, {'type': 'Integer', 'name': 'recordCount'}, {'type': 'Instant', 'name': 'requestedAt'}, {'type': 'Instant', 'name': 'completedAt'}]",8,src/main/java/dz/sh/hidra/modules/audit/api/rest/response/AuditExportRequestResponse.java
audit,response,package-info,[],0,src/main/java/dz/sh/hidra/modules/audit/api/rest/response/package-info.java
configuration,request,CreateConfigurationDefinitionRequest,"[{'type': 'String', 'name': 'namespaceId'}, {'type': 'String', 'name': 'key'}, {'type': 'String', 'name': 'displayNameFr'}, {'type': 'String', 'name': 'displayNameAr'}, {'type': 'String', 'name': 'displayNameEn'}, {'type': 'ConfigurationValueType', 'name': 'valueType'}, {'type': 'ConfigurationSensitivity', 'name': 'sensitivity'}, {'type': 'boolean', 'name': 'scoped'}, {'type': 'boolean', 'name': 'requiresApproval'}, {'type': 'String', 'name': 'defaultValue'}, {'type': 'String', 'name': 'description'}]",11,src/main/java/dz/sh/hidra/modules/configuration/api/rest/request/CreateConfigurationDefinitionRequest.java
configuration,request,CreateFeatureFlagRequest,"[{'type': 'String', 'name': 'code'}, {'type': 'String', 'name': 'nameFr'}, {'type': 'String', 'name': 'nameAr'}, {'type': 'String', 'name': 'nameEn'}, {'type': 'String', 'name': 'owningModule'}, {'type': 'FeatureFlagEvaluationStrategy', 'name': 'evaluationStrategy'}, {'type': 'boolean', 'name': 'defaultEnabled'}, {'type': 'String', 'name': 'description'}]",8,src/main/java/dz/sh/hidra/modules/configuration/api/rest/request/CreateFeatureFlagRequest.java
configuration,request,SetConfigurationValueRequest,"[{'type': 'String', 'name': 'definitionId'}, {'type': 'String', 'name': 'definitionVersionId'}, {'type': 'String', 'name': 'environment'}, {'type': 'String', 'name': 'rawValue'}, {'type': 'String', 'name': 'jsonValue'}, {'type': 'String', 'name': 'secretReference'}, {'type': 'Instant', 'name': 'effectiveFrom'}, {'type': 'Instant', 'name': 'effectiveTo'}, {'type': 'String', 'name': 'createdByActorId'}]",9,src/main/java/dz/sh/hidra/modules/configuration/api/rest/request/SetConfigurationValueRequest.java
configuration,request,package-info,[],0,src/main/java/dz/sh/hidra/modules/configuration/api/rest/request/package-info.java
configuration,response,ConfigurationDefinitionResponse,"[{'type': 'String', 'name': 'id'}, {'type': 'String', 'name': 'namespaceId'}, {'type': 'String', 'name': 'key'}, {'type': 'String', 'name': 'displayNameFr'}, {'type': 'ConfigurationValueType', 'name': 'valueType'}, {'type': 'ConfigurationSensitivity', 'name': 'sensitivity'}, {'type': 'ConfigurationDefinitionStatus', 'name': 'status'}, {'type': 'boolean', 'name': 'scoped'}, {'type': 'boolean', 'name': 'requiresApproval'}]",9,src/main/java/dz/sh/hidra/modules/configuration/api/rest/response/ConfigurationDefinitionResponse.java
configuration,response,ConfigurationValueResponse,"[{'type': 'String', 'name': 'id'}, {'type': 'String', 'name': 'definitionId'}, {'type': 'String', 'name': 'definitionVersionId'}, {'type': 'String', 'name': 'environment'}, {'type': 'ConfigurationValueStatus', 'name': 'status'}, {'type': 'Instant', 'name': 'effectiveFrom'}, {'type': 'Instant', 'name': 'effectiveTo'}]",7,src/main/java/dz/sh/hidra/modules/configuration/api/rest/response/ConfigurationValueResponse.java
configuration,response,FeatureFlagResponse,"[{'type': 'String', 'name': 'id'}, {'type': 'String', 'name': 'code'}, {'type': 'String', 'name': 'nameFr'}, {'type': 'String', 'name': 'owningModule'}, {'type': 'FeatureFlagStatus', 'name': 'status'}, {'type': 'FeatureFlagEvaluationStrategy', 'name': 'evaluationStrategy'}, {'type': 'boolean', 'name': 'defaultEnabled'}]",7,src/main/java/dz/sh/hidra/modules/configuration/api/rest/response/FeatureFlagResponse.java
configuration,response,package-info,[],0,src/main/java/dz/sh/hidra/modules/configuration/api/rest/response/package-info.java
custody,request,CreateCustodyTransferTicketRequest,"[{'type': 'String', 'name': 'ticketNumber'}, {'type': 'String', 'name': 'measurementPeriodId'}, {'type': 'String', 'name': 'agreementId'}, {'type': 'String', 'name': 'transferPointId'}, {'type': 'String', 'name': 'batchId'}, {'type': 'String', 'name': 'quantityCalculationId'}, {'type': 'Instant', 'name': 'ticketDate'}, {'type': 'String', 'name': 'issuedByActorId'}, {'type': 'String', 'name': 'workflowInstanceId'}]",9,src/main/java/dz/sh/hidra/modules/custody/api/rest/request/CreateCustodyTransferTicketRequest.java
custody,request,OpenCustodyDiscrepancyRequest,"[{'type': 'String', 'name': 'discrepancyNumber'}, {'type': 'String', 'name': 'reconciliationId'}, {'type': 'String', 'name': 'discrepancyTypeId'}, {'type': 'BigDecimal', 'name': 'differenceQuantity'}, {'type': 'String', 'name': 'quantityUnitId'}, {'type': 'String', 'name': 'description'}, {'type': 'String', 'name': 'assignedActorId'}, {'type': 'Instant', 'name': 'openedAt'}]",8,src/main/java/dz/sh/hidra/modules/custody/api/rest/request/OpenCustodyDiscrepancyRequest.java
custody,request,OpenCustodyMeasurementPeriodRequest,"[{'type': 'String', 'name': 'periodCode'}, {'type': 'String', 'name': 'agreementId'}, {'type': 'String', 'name': 'transferPointId'}, {'type': 'Instant', 'name': 'periodStart'}, {'type': 'Instant', 'name': 'periodEnd'}]",5,src/main/java/dz/sh/hidra/modules/custody/api/rest/request/OpenCustodyMeasurementPeriodRequest.java
custody,request,package-info,[],0,src/main/java/dz/sh/hidra/modules/custody/api/rest/request/package-info.java
custody,response,CustodyDiscrepancyResponse,"[{'type': 'String', 'name': 'id'}, {'type': 'String', 'name': 'discrepancyNumber'}, {'type': 'String', 'name': 'reconciliationId'}, {'type': 'String', 'name': 'discrepancyTypeId'}, {'type': 'CustodyDiscrepancyStatus', 'name': 'status'}, {'type': 'BigDecimal', 'name': 'differenceQuantity'}, {'type': 'Instant', 'name': 'openedAt'}]",7,src/main/java/dz/sh/hidra/modules/custody/api/rest/response/CustodyDiscrepancyResponse.java
custody,response,CustodyMeasurementPeriodResponse,"[{'type': 'String', 'name': 'id'}, {'type': 'String', 'name': 'periodCode'}, {'type': 'String', 'name': 'agreementId'}, {'type': 'String', 'name': 'transferPointId'}, {'type': 'Instant', 'name': 'periodStart'}, {'type': 'Instant', 'name': 'periodEnd'}, {'type': 'CustodyPeriodStatus', 'name': 'status'}]",7,src/main/java/dz/sh/hidra/modules/custody/api/rest/response/CustodyMeasurementPeriodResponse.java
custody,response,CustodyTransferTicketResponse,"[{'type': 'String', 'name': 'id'}, {'type': 'String', 'name': 'ticketNumber'}, {'type': 'String', 'name': 'measurementPeriodId'}, {'type': 'String', 'name': 'agreementId'}, {'type': 'String', 'name': 'transferPointId'}, {'type': 'CustodyTicketStatus', 'name': 'status'}, {'type': 'Instant', 'name': 'ticketDate'}, {'type': 'Instant', 'name': 'approvedAt'}]",8,src/main/java/dz/sh/hidra/modules/custody/api/rest/response/CustodyTransferTicketResponse.java
custody,response,package-info,[],0,src/main/java/dz/sh/hidra/modules/custody/api/rest/response/package-info.java
documents,request,LinkDocumentToTargetRequest,"[{'type': 'String', 'name': 'documentId'}, {'type': 'String', 'name': 'documentVersionId'}, {'type': 'String', 'name': 'targetModule'}, {'type': 'String', 'name': 'targetTypeCode'}, {'type': 'String', 'name': 'targetId'}, {'type': 'String', 'name': 'targetCodeSnapshot'}, {'type': 'String', 'name': 'targetLabelSnapshot'}, {'type': 'String', 'name': 'linkRoleId'}, {'type': 'boolean', 'name': 'primaryLink'}, {'type': 'String', 'name': 'linkedByActorId'}]",10,src/main/java/dz/sh/hidra/modules/documents/api/rest/request/LinkDocumentToTargetRequest.java
documents,request,RegisterDocumentRequest,"[{'type': 'String', 'name': 'code'}, {'type': 'String', 'name': 'titleAr'}, {'type': 'String', 'name': 'titleFr'}, {'type': 'String', 'name': 'titleEn'}, {'type': 'String', 'name': 'documentTypeId'}, {'type': 'String', 'name': 'documentCategoryId'}, {'type': 'String', 'name': 'classificationId'}, {'type': 'int', 'name': 'confidentialityLevel'}, {'type': 'String', 'name': 'ownerModule'}, {'type': 'String', 'name': 'ownerTargetTypeCode'}, {'type': 'String', 'name': 'ownerTargetId'}, {'type': 'String', 'name': 'ownerTargetCodeSnapshot'}, {'type': 'String', 'name': 'ownerTargetLabelSnapshot'}, {'type': 'String', 'name': 'createdByActorId'}, {'type': 'String', 'name': 'createdByDisplayNameSnapshot'}]",15,src/main/java/dz/sh/hidra/modules/documents/api/rest/request/RegisterDocumentRequest.java
documents,request,UploadDocumentVersionRequest,"[{'type': 'String', 'name': 'documentId'}, {'type': 'int', 'name': 'versionNumber'}, {'type': 'String', 'name': 'versionLabel'}, {'type': 'String', 'name': 'titleAr'}, {'type': 'String', 'name': 'titleFr'}, {'type': 'String', 'name': 'titleEn'}, {'type': 'String', 'name': 'description'}, {'type': 'String', 'name': 'storageObjectId'}, {'type': 'String', 'name': 'mimeType'}, {'type': 'String', 'name': 'originalFilename'}, {'type': 'String', 'name': 'fileExtension'}, {'type': 'long', 'name': 'fileSizeBytes'}, {'type': 'String', 'name': 'checksumAlgorithm'}, {'type': 'String', 'name': 'checksumValue'}, {'type': 'String', 'name': 'languageCode'}, {'type': 'LocalDate', 'name': 'documentDate'}, {'type': 'LocalDate', 'name': 'effectiveFrom'}, {'type': 'LocalDate', 'name': 'effectiveTo'}, {'type': 'String', 'name': 'uploadedByActorId'}, {'type': 'String', 'name': 'uploadedByDisplayNameSnapshot'}]",20,src/main/java/dz/sh/hidra/modules/documents/api/rest/request/UploadDocumentVersionRequest.java
documents,request,package-info,[],0,src/main/java/dz/sh/hidra/modules/documents/api/rest/request/package-info.java
documents,response,DocumentResponse,"[{'type': 'String', 'name': 'id'}, {'type': 'String', 'name': 'code'}, {'type': 'String', 'name': 'titleFr'}, {'type': 'String', 'name': 'documentTypeId'}, {'type': 'String', 'name': 'classificationId'}, {'type': 'int', 'name': 'confidentialityLevel'}, {'type': 'DocumentStatus', 'name': 'status'}, {'type': 'String', 'name': 'currentVersionId'}, {'type': 'String', 'name': 'ownerModule'}, {'type': 'String', 'name': 'ownerTargetId'}, {'type': 'Instant', 'name': 'createdAt'}]",11,src/main/java/dz/sh/hidra/modules/documents/api/rest/response/DocumentResponse.java
documents,response,DocumentTargetLinkResponse,"[{'type': 'String', 'name': 'id'}, {'type': 'String', 'name': 'documentId'}, {'type': 'String', 'name': 'documentVersionId'}, {'type': 'String', 'name': 'targetModule'}, {'type': 'String', 'name': 'targetTypeCode'}, {'type': 'String', 'name': 'targetId'}, {'type': 'String', 'name': 'linkRoleId'}, {'type': 'boolean', 'name': 'primaryLink'}, {'type': 'Instant', 'name': 'linkedAt'}, {'type': 'boolean', 'name': 'active'}]",10,src/main/java/dz/sh/hidra/modules/documents/api/rest/response/DocumentTargetLinkResponse.java
documents,response,DocumentVersionResponse,"[{'type': 'String', 'name': 'id'}, {'type': 'String', 'name': 'documentId'}, {'type': 'int', 'name': 'versionNumber'}, {'type': 'String', 'name': 'versionLabel'}, {'type': 'String', 'name': 'mimeType'}, {'type': 'String', 'name': 'originalFilename'}, {'type': 'long', 'name': 'fileSizeBytes'}, {'type': 'String', 'name': 'checksumValue'}, {'type': 'DocumentVersionStatus', 'name': 'versionStatus'}, {'type': 'Instant', 'name': 'uploadedAt'}]",10,src/main/java/dz/sh/hidra/modules/documents/api/rest/response/DocumentVersionResponse.java
documents,response,package-info,[],0,src/main/java/dz/sh/hidra/modules/documents/api/rest/response/package-info.java
hse,request,CloseHseCaseRequest,"[{'type': 'String', 'name': 'hseCaseId'}, {'type': 'String', 'name': 'closureSummary'}, {'type': 'boolean', 'name': 'impactAssessed'}, {'type': 'boolean', 'name': 'capaCompleted'}, {'type': 'boolean', 'name': 'evidenceReviewed'}, {'type': 'boolean', 'name': 'regulatoryReviewed'}, {'type': 'String', 'name': 'closedByActorId'}, {'type': 'String', 'name': 'closedByDisplayNameSnapshot'}, {'type': 'String', 'name': 'workflowInstanceId'}]",9,src/main/java/dz/sh/hidra/modules/hse/api/rest/request/CloseHseCaseRequest.java
hse,request,CreateHseCapaRequest,"[{'type': 'String', 'name': 'hseCaseId'}, {'type': 'String', 'name': 'actionNumber'}, {'type': 'String', 'name': 'actionTypeId'}, {'type': 'String', 'name': 'title'}, {'type': 'String', 'name': 'description'}, {'type': 'String', 'name': 'ownerActorId'}, {'type': 'String', 'name': 'ownerDisplayNameSnapshot'}, {'type': 'String', 'name': 'ownerOrganizationUnitId'}, {'type': 'String', 'name': 'ownerOrganizationUnitNameSnapshot'}, {'type': 'Instant', 'name': 'targetDate'}, {'type': 'boolean', 'name': 'verificationRequired'}, {'type': 'String', 'name': 'linkedWorkOrderId'}, {'type': 'String', 'name': 'workflowTaskId'}]",13,src/main/java/dz/sh/hidra/modules/hse/api/rest/request/CreateHseCapaRequest.java
hse,request,OpenHseCaseRequest,"[{'type': 'String', 'name': 'caseNumber'}, {'type': 'String', 'name': 'title'}, {'type': 'String', 'name': 'description'}, {'type': 'String', 'name': 'caseTypeId'}, {'type': 'String', 'name': 'severityId'}, {'type': 'String', 'name': 'priorityId'}, {'type': 'HseCaseSourceType', 'name': 'sourceType'}, {'type': 'String', 'name': 'incidentReferenceId'}, {'type': 'String', 'name': 'incidentCodeSnapshot'}, {'type': 'String', 'name': 'incidentTitleSnapshot'}, {'type': 'String', 'name': 'targetModule'}, {'type': 'String', 'name': 'targetTypeCode'}, {'type': 'String', 'name': 'targetId'}, {'type': 'String', 'name': 'targetCodeSnapshot'}, {'type': 'String', 'name': 'targetLabelSnapshot'}, {'type': 'Instant', 'name': 'occurredAt'}, {'type': 'String', 'name': 'reportedByActorId'}, {'type': 'String', 'name': 'reportedByDisplayNameSnapshot'}, {'type': 'String', 'name': 'responsibleOrganizationUnitId'}, {'type': 'String', 'name': 'responsibleOrganizationUnitNameSnapshot'}, {'type': 'String', 'name': 'workflowInstanceId'}]",21,src/main/java/dz/sh/hidra/modules/hse/api/rest/request/OpenHseCaseRequest.java
hse,request,package-info,[],0,src/main/java/dz/sh/hidra/modules/hse/api/rest/request/package-info.java
hse,response,HseCapaResponse,"[{'type': 'String', 'name': 'id'}, {'type': 'String', 'name': 'hseCaseId'}, {'type': 'String', 'name': 'actionNumber'}, {'type': 'String', 'name': 'title'}, {'type': 'CapaStatus', 'name': 'status'}, {'type': 'Instant', 'name': 'targetDate'}, {'type': 'Instant', 'name': 'completedAt'}]",7,src/main/java/dz/sh/hidra/modules/hse/api/rest/response/HseCapaResponse.java
hse,response,HseCaseResponse,"[{'type': 'String', 'name': 'id'}, {'type': 'String', 'name': 'caseNumber'}, {'type': 'String', 'name': 'title'}, {'type': 'String', 'name': 'caseTypeId'}, {'type': 'String', 'name': 'severityId'}, {'type': 'HseCaseStatus', 'name': 'status'}, {'type': 'HseCaseSourceType', 'name': 'sourceType'}, {'type': 'String', 'name': 'incidentReferenceId'}, {'type': 'String', 'name': 'targetModule'}, {'type': 'String', 'name': 'targetTypeCode'}, {'type': 'String', 'name': 'targetId'}, {'type': 'Instant', 'name': 'reportedAt'}, {'type': 'Instant', 'name': 'closedAt'}]",13,src/main/java/dz/sh/hidra/modules/hse/api/rest/response/HseCaseResponse.java
hse,response,package-info,[],0,src/main/java/dz/sh/hidra/modules/hse/api/rest/response/package-info.java
identity,request,CreateUserRequest,"[{'type': 'String', 'name': 'username'}, {'type': 'String', 'name': 'emailAddress'}, {'type': 'String', 'name': 'displayName'}, {'type': 'UserType', 'name': 'userType'}, {'type': 'String', 'name': 'employeeReferenceId'}]",5,src/main/java/dz/sh/hidra/modules/identity/api/rest/request/CreateUserRequest.java
identity,request,EvaluatePermissionRequest,"[{'type': 'String', 'name': 'userId'}, {'type': 'String', 'name': 'permissionCode'}, {'type': 'String', 'name': 'resourceType'}, {'type': 'String', 'name': 'resourceReferenceId'}, {'type': 'AuthorizationScope', 'name': 'scope'}]",5,src/main/java/dz/sh/hidra/modules/identity/api/rest/request/EvaluatePermissionRequest.java
identity,request,package-info,[],0,src/main/java/dz/sh/hidra/modules/identity/api/rest/request/package-info.java
identity,response,PermissionDecisionResponse,"[{'type': 'boolean', 'name': 'permitted'}, {'type': 'AuthorizationDecisionValue', 'name': 'decision'}, {'type': 'String', 'name': 'reasonCode'}, {'type': 'String', 'name': 'reasonMessage'}, {'type': 'Instant', 'name': 'evaluatedAt'}]",5,src/main/java/dz/sh/hidra/modules/identity/api/rest/response/PermissionDecisionResponse.java
identity,response,UserResponse,"[{'type': 'String', 'name': 'id'}, {'type': 'String', 'name': 'username'}, {'type': 'String', 'name': 'emailAddress'}, {'type': 'String', 'name': 'displayName'}, {'type': 'UserType', 'name': 'userType'}, {'type': 'UserStatus', 'name': 'status'}]",6,src/main/java/dz/sh/hidra/modules/identity/api/rest/response/UserResponse.java
identity,response,package-info,[],0,src/main/java/dz/sh/hidra/modules/identity/api/rest/response/package-info.java
incident,request,CloseIncidentRequest,"[{'type': 'String', 'name': 'incidentId'}, {'type': 'String', 'name': 'closureSummary'}, {'type': 'boolean', 'name': 'resolutionVerified'}, {'type': 'boolean', 'name': 'evidenceReviewed'}, {'type': 'boolean', 'name': 'rootCauseReviewed'}, {'type': 'boolean', 'name': 'followUpActionsCreated'}, {'type': 'String', 'name': 'closedByActorId'}, {'type': 'String', 'name': 'closedByActorNameSnapshot'}, {'type': 'String', 'name': 'workflowInstanceId'}]",9,src/main/java/dz/sh/hidra/modules/incident/api/rest/request/CloseIncidentRequest.java
incident,request,OpenIncidentRequest,"[{'type': 'String', 'name': 'incidentNumber'}, {'type': 'String', 'name': 'title'}, {'type': 'String', 'name': 'description'}, {'type': 'String', 'name': 'classificationId'}, {'type': 'String', 'name': 'severityId'}, {'type': 'String', 'name': 'priorityId'}, {'type': 'IncidentSourceType', 'name': 'sourceType'}, {'type': 'String', 'name': 'sourceReferenceId'}, {'type': 'String', 'name': 'sourceReferenceCode'}, {'type': 'Instant', 'name': 'detectedAt'}, {'type': 'Instant', 'name': 'occurredAt'}, {'type': 'String', 'name': 'topologyAssetTypeCode'}, {'type': 'String', 'name': 'topologyAssetId'}, {'type': 'String', 'name': 'topologyAssetCode'}, {'type': 'String', 'name': 'topologyAssetNameSnapshot'}, {'type': 'String', 'name': 'locationDescriptionAr'}, {'type': 'String', 'name': 'locationDescriptionLt'}, {'type': 'BigDecimal', 'name': 'latitude'}, {'type': 'BigDecimal', 'name': 'longitude'}, {'type': 'String', 'name': 'responsibleOrganizationUnitId'}, {'type': 'String', 'name': 'responsibleOrganizationUnitCode'}, {'type': 'String', 'name': 'responsibleOrganizationUnitNameSnapshot'}, {'type': 'String', 'name': 'createdByActorId'}, {'type': 'String', 'name': 'createdByActorNameSnapshot'}]",24,src/main/java/dz/sh/hidra/modules/incident/api/rest/request/OpenIncidentRequest.java
incident,request,RecordIncidentResponseActionRequest,"[{'type': 'String', 'name': 'incidentId'}, {'type': 'String', 'name': 'actionTypeId'}, {'type': 'ResponseActionStatus', 'name': 'actionStatus'}, {'type': 'String', 'name': 'description'}, {'type': 'ResponseTargetType', 'name': 'targetType'}, {'type': 'String', 'name': 'targetReferenceId'}, {'type': 'String', 'name': 'targetReferenceCode'}, {'type': 'Instant', 'name': 'plannedStartAt'}, {'type': 'Instant', 'name': 'plannedEndAt'}, {'type': 'Instant', 'name': 'startedAt'}, {'type': 'Instant', 'name': 'completedAt'}, {'type': 'String', 'name': 'performedByActorId'}, {'type': 'String', 'name': 'performedByActorNameSnapshot'}, {'type': 'String', 'name': 'organizationUnitId'}, {'type': 'String', 'name': 'resultSummary'}, {'type': 'String', 'name': 'failureReason'}]",16,src/main/java/dz/sh/hidra/modules/incident/api/rest/request/RecordIncidentResponseActionRequest.java
incident,request,package-info,[],0,src/main/java/dz/sh/hidra/modules/incident/api/rest/request/package-info.java
incident,response,IncidentResponse,"[{'type': 'String', 'name': 'id'}, {'type': 'String', 'name': 'incidentNumber'}, {'type': 'String', 'name': 'title'}, {'type': 'String', 'name': 'classificationId'}, {'type': 'String', 'name': 'severityId'}, {'type': 'IncidentStatus', 'name': 'status'}, {'type': 'IncidentSourceType', 'name': 'sourceType'}, {'type': 'String', 'name': 'topologyAssetTypeCode'}, {'type': 'String', 'name': 'topologyAssetId'}, {'type': 'String', 'name': 'topologyAssetCode'}, {'type': 'Instant', 'name': 'detectedAt'}, {'type': 'Instant', 'name': 'reportedAt'}, {'type': 'Instant', 'name': 'closedAt'}]",13,src/main/java/dz/sh/hidra/modules/incident/api/rest/response/IncidentResponse.java
incident,response,package-info,[],0,src/main/java/dz/sh/hidra/modules/incident/api/rest/response/package-info.java
integration,request,RecordExchangeMessageRequest,"[{'type': 'String', 'name': 'jobRunId'}, {'type': 'String', 'name': 'externalSystemId'}, {'type': 'String', 'name': 'endpointId'}, {'type': 'IntegrationDirection', 'name': 'direction'}, {'type': 'String', 'name': 'messageTypeId'}, {'type': 'String', 'name': 'externalMessageId'}, {'type': 'String', 'name': 'payloadFormatId'}, {'type': 'PayloadStorageMode', 'name': 'payloadStorageMode'}, {'type': 'String', 'name': 'payloadSanitized'}, {'type': 'String', 'name': 'payloadReference'}, {'type': 'String', 'name': 'payloadHash'}, {'type': 'Long', 'name': 'contentLengthBytes'}, {'type': 'Instant', 'name': 'receivedOrSentAt'}, {'type': 'String', 'name': 'correlationId'}, {'type': 'ExchangeMessageStatus', 'name': 'status'}]",15,src/main/java/dz/sh/hidra/modules/integration/api/rest/request/RecordExchangeMessageRequest.java
integration,request,RegisterExternalSystemRequest,"[{'type': 'String', 'name': 'code'}, {'type': 'String', 'name': 'nameAr'}, {'type': 'String', 'name': 'nameFr'}, {'type': 'String', 'name': 'nameEn'}, {'type': 'String', 'name': 'systemTypeId'}, {'type': 'String', 'name': 'ownerOrganizationUnitId'}, {'type': 'IntegrationEnvironment', 'name': 'environment'}, {'type': 'IntegrationCriticality', 'name': 'criticality'}, {'type': 'String', 'name': 'description'}]",9,src/main/java/dz/sh/hidra/modules/integration/api/rest/request/RegisterExternalSystemRequest.java
integration,request,StartIntegrationJobRunRequest,"[{'type': 'String', 'name': 'jobDefinitionId'}, {'type': 'long', 'name': 'runNumber'}, {'type': 'JobTriggerType', 'name': 'triggerType'}, {'type': 'String', 'name': 'triggeredByActorId'}, {'type': 'String', 'name': 'correlationId'}]",5,src/main/java/dz/sh/hidra/modules/integration/api/rest/request/StartIntegrationJobRunRequest.java
integration,request,package-info,[],0,src/main/java/dz/sh/hidra/modules/integration/api/rest/request/package-info.java
integration,response,ExternalSystemResponse,"[{'type': 'String', 'name': 'id'}, {'type': 'String', 'name': 'code'}, {'type': 'String', 'name': 'nameFr'}, {'type': 'String', 'name': 'systemTypeId'}, {'type': 'IntegrationEnvironment', 'name': 'environment'}, {'type': 'IntegrationCriticality', 'name': 'criticality'}, {'type': 'ExternalSystemStatus', 'name': 'status'}, {'type': 'Instant', 'name': 'createdAt'}]",8,src/main/java/dz/sh/hidra/modules/integration/api/rest/response/ExternalSystemResponse.java
integration,response,IntegrationExchangeMessageResponse,"[{'type': 'String', 'name': 'id'}, {'type': 'String', 'name': 'jobRunId'}, {'type': 'String', 'name': 'externalSystemId'}, {'type': 'IntegrationDirection', 'name': 'direction'}, {'type': 'String', 'name': 'externalMessageId'}, {'type': 'String', 'name': 'payloadHash'}, {'type': 'ExchangeMessageStatus', 'name': 'status'}, {'type': 'Instant', 'name': 'receivedOrSentAt'}]",8,src/main/java/dz/sh/hidra/modules/integration/api/rest/response/IntegrationExchangeMessageResponse.java
integration,response,IntegrationJobRunResponse,"[{'type': 'String', 'name': 'id'}, {'type': 'String', 'name': 'jobDefinitionId'}, {'type': 'long', 'name': 'runNumber'}, {'type': 'JobTriggerType', 'name': 'triggerType'}, {'type': 'JobRunStatus', 'name': 'status'}, {'type': 'String', 'name': 'correlationId'}, {'type': 'Instant', 'name': 'startedAt'}, {'type': 'Instant', 'name': 'completedAt'}]",8,src/main/java/dz/sh/hidra/modules/integration/api/rest/response/IntegrationJobRunResponse.java
integration,response,package-info,[],0,src/main/java/dz/sh/hidra/modules/integration/api/rest/response/package-info.java
integrity,request,CreateIntegrityAssessmentRequest,"[{'type': 'String', 'name': 'programId'}, {'type': 'String', 'name': 'assessmentNumber'}, {'type': 'String', 'name': 'title'}, {'type': 'String', 'name': 'description'}, {'type': 'String', 'name': 'assessmentTypeId'}, {'type': 'String', 'name': 'methodologyId'}, {'type': 'Instant', 'name': 'assessmentDate'}, {'type': 'String', 'name': 'assessedByActorId'}, {'type': 'String', 'name': 'workflowInstanceId'}]",9,src/main/java/dz/sh/hidra/modules/integrity/api/rest/request/CreateIntegrityAssessmentRequest.java
integrity,request,CreateIntegrityProgramRequest,"[{'type': 'String', 'name': 'code'}, {'type': 'String', 'name': 'nameAr'}, {'type': 'String', 'name': 'nameFr'}, {'type': 'String', 'name': 'nameEn'}, {'type': 'String', 'name': 'description'}, {'type': 'String', 'name': 'programTypeId'}, {'type': 'String', 'name': 'ownerOrganizationUnitId'}, {'type': 'String', 'name': 'ownerOrganizationUnitNameSnapshot'}, {'type': 'Instant', 'name': 'plannedStartAt'}, {'type': 'Instant', 'name': 'plannedEndAt'}, {'type': 'String', 'name': 'createdByActorId'}]",11,src/main/java/dz/sh/hidra/modules/integrity/api/rest/request/CreateIntegrityProgramRequest.java
integrity,request,OpenIntegrityCaseRequest,"[{'type': 'String', 'name': 'caseNumber'}, {'type': 'String', 'name': 'title'}, {'type': 'String', 'name': 'description'}, {'type': 'String', 'name': 'caseTypeId'}, {'type': 'String', 'name': 'severityId'}, {'type': 'String', 'name': 'topologyAssetTypeCode'}, {'type': 'String', 'name': 'topologyAssetId'}, {'type': 'String', 'name': 'topologyAssetCodeSnapshot'}, {'type': 'String', 'name': 'primaryDefectId'}, {'type': 'String', 'name': 'sourceIncidentId'}, {'type': 'String', 'name': 'sourceHseCaseId'}, {'type': 'String', 'name': 'responsibleOrganizationUnitId'}, {'type': 'String', 'name': 'workflowInstanceId'}, {'type': 'String', 'name': 'openedByActorId'}]",14,src/main/java/dz/sh/hidra/modules/integrity/api/rest/request/OpenIntegrityCaseRequest.java
integrity,request,package-info,[],0,src/main/java/dz/sh/hidra/modules/integrity/api/rest/request/package-info.java
integrity,response,IntegrityAssessmentResponse,"[{'type': 'String', 'name': 'id'}, {'type': 'String', 'name': 'programId'}, {'type': 'String', 'name': 'assessmentNumber'}, {'type': 'String', 'name': 'title'}, {'type': 'String', 'name': 'assessmentTypeId'}, {'type': 'IntegrityAssessmentStatus', 'name': 'status'}, {'type': 'Instant', 'name': 'assessmentDate'}]",7,src/main/java/dz/sh/hidra/modules/integrity/api/rest/response/IntegrityAssessmentResponse.java
integrity,response,IntegrityCaseResponse,"[{'type': 'String', 'name': 'id'}, {'type': 'String', 'name': 'caseNumber'}, {'type': 'String', 'name': 'title'}, {'type': 'String', 'name': 'caseTypeId'}, {'type': 'IntegrityCaseStatus', 'name': 'status'}, {'type': 'String', 'name': 'topologyAssetTypeCode'}, {'type': 'String', 'name': 'topologyAssetId'}, {'type': 'String', 'name': 'primaryDefectId'}, {'type': 'Instant', 'name': 'openedAt'}, {'type': 'Instant', 'name': 'closedAt'}]",10,src/main/java/dz/sh/hidra/modules/integrity/api/rest/response/IntegrityCaseResponse.java
integrity,response,IntegrityProgramResponse,"[{'type': 'String', 'name': 'id'}, {'type': 'String', 'name': 'code'}, {'type': 'String', 'name': 'nameFr'}, {'type': 'String', 'name': 'programTypeId'}, {'type': 'IntegrityProgramStatus', 'name': 'status'}, {'type': 'Instant', 'name': 'plannedStartAt'}, {'type': 'Instant', 'name': 'plannedEndAt'}]",7,src/main/java/dz/sh/hidra/modules/integrity/api/rest/response/IntegrityProgramResponse.java
integrity,response,package-info,[],0,src/main/java/dz/sh/hidra/modules/integrity/api/rest/response/package-info.java
leakdetection,request,CreateLeakCandidateRequest,"[{'type': 'String', 'name': 'runId'}, {'type': 'String', 'name': 'profileId'}, {'type': 'String', 'name': 'candidateNumber'}, {'type': 'String', 'name': 'topologyAssetType'}, {'type': 'String', 'name': 'topologyAssetId'}, {'type': 'String', 'name': 'topologyAssetCode'}, {'type': 'String', 'name': 'topologyAssetNameSnapshot'}, {'type': 'Instant', 'name': 'suspectedAt'}, {'type': 'Instant', 'name': 'firstEvidenceAt'}, {'type': 'BigDecimal', 'name': 'confidenceScore'}, {'type': 'String', 'name': 'summary'}, {'type': 'String', 'name': 'correlationId'}]",12,src/main/java/dz/sh/hidra/modules/leakdetection/api/rest/request/CreateLeakCandidateRequest.java
leakdetection,request,EscalateLeakCaseRequest,"[{'type': 'String', 'name': 'caseId'}, {'type': 'String', 'name': 'candidateId'}, {'type': 'LeakEscalationTargetType', 'name': 'targetType'}, {'type': 'String', 'name': 'targetReferenceId'}, {'type': 'String', 'name': 'targetCodeSnapshot'}, {'type': 'String', 'name': 'targetNameSnapshot'}, {'type': 'String', 'name': 'escalatedByActorId'}, {'type': 'String', 'name': 'reasonText'}, {'type': 'String', 'name': 'correlationId'}]",9,src/main/java/dz/sh/hidra/modules/leakdetection/api/rest/request/EscalateLeakCaseRequest.java
leakdetection,request,OpenLeakCaseRequest,"[{'type': 'String', 'name': 'caseNumber'}, {'type': 'String', 'name': 'primaryCandidateId'}, {'type': 'String', 'name': 'topologyAssetType'}, {'type': 'String', 'name': 'topologyAssetId'}, {'type': 'String', 'name': 'topologyAssetCode'}, {'type': 'String', 'name': 'owningOrganizationUnitId'}, {'type': 'BigDecimal', 'name': 'confidenceScore'}, {'type': 'String', 'name': 'openedByActorId'}, {'type': 'String', 'name': 'correlationId'}]",9,src/main/java/dz/sh/hidra/modules/leakdetection/api/rest/request/OpenLeakCaseRequest.java
leakdetection,request,package-info,[],0,src/main/java/dz/sh/hidra/modules/leakdetection/api/rest/request/package-info.java
leakdetection,response,LeakCandidateResponse,"[{'type': 'String', 'name': 'id'}, {'type': 'String', 'name': 'candidateNumber'}, {'type': 'String', 'name': 'topologyAssetType'}, {'type': 'String', 'name': 'topologyAssetId'}, {'type': 'String', 'name': 'topologyAssetCode'}, {'type': 'BigDecimal', 'name': 'confidenceScore'}, {'type': 'LeakSeverityLevel', 'name': 'severityLevel'}, {'type': 'LeakCandidateStatus', 'name': 'status'}, {'type': 'Instant', 'name': 'suspectedAt'}]",9,src/main/java/dz/sh/hidra/modules/leakdetection/api/rest/response/LeakCandidateResponse.java
leakdetection,response,LeakCaseResponse,"[{'type': 'String', 'name': 'id'}, {'type': 'String', 'name': 'caseNumber'}, {'type': 'String', 'name': 'primaryCandidateId'}, {'type': 'String', 'name': 'topologyAssetType'}, {'type': 'String', 'name': 'topologyAssetId'}, {'type': 'LeakDetectionCaseStatus', 'name': 'status'}, {'type': 'LeakSeverityLevel', 'name': 'severityLevel'}, {'type': 'BigDecimal', 'name': 'confidenceScore'}, {'type': 'Instant', 'name': 'openedAt'}, {'type': 'Instant', 'name': 'closedAt'}]",10,src/main/java/dz/sh/hidra/modules/leakdetection/api/rest/response/LeakCaseResponse.java
leakdetection,response,package-info,[],0,src/main/java/dz/sh/hidra/modules/leakdetection/api/rest/response/package-info.java
monitoring,request,CreateMonitoringRuleRequest,"[{'type': 'String', 'name': 'code'}, {'type': 'String', 'name': 'nameAr'}, {'type': 'String', 'name': 'nameFr'}, {'type': 'String', 'name': 'nameEn'}, {'type': 'MonitoringRuleType', 'name': 'ruleType'}, {'type': 'String', 'name': 'evaluationFrequencyId'}, {'type': 'String', 'name': 'topologyAssetType'}, {'type': 'String', 'name': 'topologyAssetId'}, {'type': 'String', 'name': 'topologyAssetCode'}, {'type': 'String', 'name': 'telemetryPointId'}, {'type': 'String', 'name': 'planningTargetTypeId'}, {'type': 'String', 'name': 'expression'}, {'type': 'String', 'name': 'createdByActorId'}]",13,src/main/java/dz/sh/hidra/modules/monitoring/api/rest/request/CreateMonitoringRuleRequest.java
monitoring,request,RecordDeviationRequest,"[{'type': 'String', 'name': 'evaluationId'}, {'type': 'String', 'name': 'planTargetId'}, {'type': 'String', 'name': 'expectedFlowStateId'}, {'type': 'String', 'name': 'trustedTelemetryReadingId'}, {'type': 'String', 'name': 'telemetryPointId'}, {'type': 'String', 'name': 'topologyAssetType'}, {'type': 'String', 'name': 'topologyAssetId'}, {'type': 'String', 'name': 'topologyAssetCode'}, {'type': 'BigDecimal', 'name': 'actualValue'}, {'type': 'BigDecimal', 'name': 'expectedValue'}, {'type': 'BigDecimal', 'name': 'differenceValue'}, {'type': 'BigDecimal', 'name': 'differencePercent'}, {'type': 'String', 'name': 'unitId'}, {'type': 'DeviationSeverity', 'name': 'severity'}, {'type': 'String', 'name': 'reasonCode'}, {'type': 'String', 'name': 'reasonMessage'}]",16,src/main/java/dz/sh/hidra/modules/monitoring/api/rest/request/RecordDeviationRequest.java
monitoring,request,package-info,[],0,src/main/java/dz/sh/hidra/modules/monitoring/api/rest/request/package-info.java
monitoring,response,DeviationResponse,"[{'type': 'String', 'name': 'id'}, {'type': 'String', 'name': 'planTargetId'}, {'type': 'String', 'name': 'topologyAssetType'}, {'type': 'String', 'name': 'topologyAssetId'}, {'type': 'BigDecimal', 'name': 'actualValue'}, {'type': 'BigDecimal', 'name': 'expectedValue'}, {'type': 'BigDecimal', 'name': 'differencePercent'}, {'type': 'DeviationSeverity', 'name': 'severity'}, {'type': 'DeviationStatus', 'name': 'status'}, {'type': 'Instant', 'name': 'detectedAt'}]",10,src/main/java/dz/sh/hidra/modules/monitoring/api/rest/response/DeviationResponse.java
monitoring,response,MonitoringRuleResponse,"[{'type': 'String', 'name': 'id'}, {'type': 'String', 'name': 'code'}, {'type': 'String', 'name': 'nameFr'}, {'type': 'MonitoringRuleType', 'name': 'ruleType'}, {'type': 'MonitoringLifecycleStatus', 'name': 'status'}, {'type': 'String', 'name': 'topologyAssetType'}, {'type': 'String', 'name': 'topologyAssetId'}, {'type': 'String', 'name': 'telemetryPointId'}]",8,src/main/java/dz/sh/hidra/modules/monitoring/api/rest/response/MonitoringRuleResponse.java
monitoring,response,package-info,[],0,src/main/java/dz/sh/hidra/modules/monitoring/api/rest/response/package-info.java
notification,request,CreateNotificationMessageRequest,"[{'type': 'String', 'name': 'requestId'}, {'type': 'String', 'name': 'recipientId'}, {'type': 'String', 'name': 'channelId'}, {'type': 'String', 'name': 'templateId'}, {'type': 'String', 'name': 'templateVersionId'}, {'type': 'String', 'name': 'locale'}, {'type': 'String', 'name': 'subjectRendered'}, {'type': 'String', 'name': 'bodyRendered'}, {'type': 'String', 'name': 'shortTextRendered'}, {'type': 'String', 'name': 'payloadHash'}, {'type': 'String', 'name': 'priorityId'}, {'type': 'Instant', 'name': 'scheduledAt'}, {'type': 'Instant', 'name': 'expiresAt'}]",13,src/main/java/dz/sh/hidra/modules/notification/api/rest/request/CreateNotificationMessageRequest.java
notification,request,ReceiveNotificationRequestRequest,"[{'type': 'String', 'name': 'sourceModule'}, {'type': 'String', 'name': 'sourceEventType'}, {'type': 'String', 'name': 'sourceEventId'}, {'type': 'String', 'name': 'targetType'}, {'type': 'String', 'name': 'targetId'}, {'type': 'String', 'name': 'targetCodeSnapshot'}, {'type': 'String', 'name': 'targetLabelSnapshot'}, {'type': 'String', 'name': 'categoryId'}, {'type': 'String', 'name': 'priorityId'}, {'type': 'String', 'name': 'policyId'}, {'type': 'String', 'name': 'templateId'}, {'type': 'String', 'name': 'templateVersionId'}, {'type': 'String', 'name': 'requestedByActorId'}, {'type': 'String', 'name': 'requestedByDisplayNameSnapshot'}, {'type': 'String', 'name': 'correlationId'}, {'type': 'String', 'name': 'requestId'}, {'type': 'Instant', 'name': 'expiresAt'}]",17,src/main/java/dz/sh/hidra/modules/notification/api/rest/request/ReceiveNotificationRequestRequest.java
notification,request,RecordDeliveryAttemptRequest,"[{'type': 'String', 'name': 'messageId'}, {'type': 'int', 'name': 'attemptNumber'}, {'type': 'String', 'name': 'channelId'}, {'type': 'String', 'name': 'providerReference'}, {'type': 'String', 'name': 'providerMessageId'}, {'type': 'DeliveryAttemptStatus', 'name': 'attemptStatus'}, {'type': 'Instant', 'name': 'attemptedAt'}, {'type': 'Instant', 'name': 'completedAt'}, {'type': 'String', 'name': 'failureCode'}, {'type': 'String', 'name': 'failureMessage'}, {'type': 'Instant', 'name': 'nextRetryAt'}, {'type': 'String', 'name': 'correlationId'}]",12,src/main/java/dz/sh/hidra/modules/notification/api/rest/request/RecordDeliveryAttemptRequest.java
notification,request,package-info,[],0,src/main/java/dz/sh/hidra/modules/notification/api/rest/request/package-info.java
notification,response,NotificationDeliveryAttemptResponse,"[{'type': 'String', 'name': 'id'}, {'type': 'String', 'name': 'messageId'}, {'type': 'int', 'name': 'attemptNumber'}, {'type': 'String', 'name': 'channelId'}, {'type': 'DeliveryAttemptStatus', 'name': 'attemptStatus'}, {'type': 'Instant', 'name': 'attemptedAt'}, {'type': 'Instant', 'name': 'completedAt'}, {'type': 'Instant', 'name': 'nextRetryAt'}]",8,src/main/java/dz/sh/hidra/modules/notification/api/rest/response/NotificationDeliveryAttemptResponse.java
notification,response,NotificationMessageResponse,"[{'type': 'String', 'name': 'id'}, {'type': 'String', 'name': 'requestId'}, {'type': 'String', 'name': 'recipientId'}, {'type': 'String', 'name': 'channelId'}, {'type': 'String', 'name': 'templateVersionId'}, {'type': 'String', 'name': 'locale'}, {'type': 'NotificationMessageStatus', 'name': 'status'}, {'type': 'Instant', 'name': 'scheduledAt'}, {'type': 'Instant', 'name': 'createdAt'}]",9,src/main/java/dz/sh/hidra/modules/notification/api/rest/response/NotificationMessageResponse.java
notification,response,NotificationRequestResponse,"[{'type': 'String', 'name': 'id'}, {'type': 'String', 'name': 'sourceModule'}, {'type': 'String', 'name': 'sourceEventType'}, {'type': 'String', 'name': 'sourceEventId'}, {'type': 'String', 'name': 'targetType'}, {'type': 'String', 'name': 'targetId'}, {'type': 'NotificationRequestStatus', 'name': 'status'}, {'type': 'String', 'name': 'correlationId'}, {'type': 'Instant', 'name': 'requestedAt'}]",9,src/main/java/dz/sh/hidra/modules/notification/api/rest/response/NotificationRequestResponse.java
notification,response,package-info,[],0,src/main/java/dz/sh/hidra/modules/notification/api/rest/response/package-info.java
organization,request,AssignEmployeeRequest,"[{'type': 'String', 'name': 'employeeId'}, {'type': 'String', 'name': 'organizationUnitId'}, {'type': 'String', 'name': 'positionId'}, {'type': 'AssignmentType', 'name': 'assignmentType'}, {'type': 'String', 'name': 'operationalScopeType'}, {'type': 'String', 'name': 'operationalScopeId'}, {'type': 'String', 'name': 'operationalScopeCode'}, {'type': 'String', 'name': 'operationalScopeName'}, {'type': 'Instant', 'name': 'validFrom'}, {'type': 'Instant', 'name': 'validTo'}]",10,src/main/java/dz/sh/hidra/modules/organization/api/rest/request/AssignEmployeeRequest.java
organization,request,CreateOrganizationUnitRequest,"[{'type': 'String', 'name': 'code'}, {'type': 'String', 'name': 'nameAr'}, {'type': 'String', 'name': 'nameFr'}, {'type': 'String', 'name': 'nameEn'}, {'type': 'String', 'name': 'unitTypeId'}, {'type': 'String', 'name': 'parentUnitId'}, {'type': 'OrganizationUnitStatus', 'name': 'status'}, {'type': 'Instant', 'name': 'validFrom'}]",8,src/main/java/dz/sh/hidra/modules/organization/api/rest/request/CreateOrganizationUnitRequest.java
organization,request,RegisterEmployeeRequest,"[{'type': 'String', 'name': 'employeeNumber'}, {'type': 'String', 'name': 'firstNameAr'}, {'type': 'String', 'name': 'lastNameAr'}, {'type': 'String', 'name': 'firstNameLt'}, {'type': 'String', 'name': 'lastNameLt'}, {'type': 'String', 'name': 'displayNameAr'}, {'type': 'String', 'name': 'displayNameLt'}, {'type': 'String', 'name': 'emailAddress'}, {'type': 'String', 'name': 'mobileNumber'}, {'type': 'EmployeeType', 'name': 'employeeType'}, {'type': 'String', 'name': 'identityUserReference'}]",11,src/main/java/dz/sh/hidra/modules/organization/api/rest/request/RegisterEmployeeRequest.java
organization,request,package-info,[],0,src/main/java/dz/sh/hidra/modules/organization/api/rest/request/package-info.java
organization,response,EmployeeResponse,"[{'type': 'String', 'name': 'id'}, {'type': 'String', 'name': 'employeeNumber'}, {'type': 'String', 'name': 'displayNameAr'}, {'type': 'String', 'name': 'displayNameLt'}, {'type': 'String', 'name': 'emailAddress'}, {'type': 'EmployeeType', 'name': 'employeeType'}, {'type': 'EmployeeStatus', 'name': 'status'}, {'type': 'String', 'name': 'identityUserReference'}]",8,src/main/java/dz/sh/hidra/modules/organization/api/rest/response/EmployeeResponse.java
organization,response,OrganizationUnitResponse,"[{'type': 'String', 'name': 'id'}, {'type': 'String', 'name': 'code'}, {'type': 'String', 'name': 'nameAr'}, {'type': 'String', 'name': 'nameFr'}, {'type': 'String', 'name': 'nameEn'}, {'type': 'String', 'name': 'unitTypeId'}, {'type': 'String', 'name': 'parentUnitId'}, {'type': 'OrganizationUnitStatus', 'name': 'status'}]",8,src/main/java/dz/sh/hidra/modules/organization/api/rest/response/OrganizationUnitResponse.java
organization,response,package-info,[],0,src/main/java/dz/sh/hidra/modules/organization/api/rest/response/package-info.java
party,request,AssignPartyRoleRequest,"[{'type': 'String', 'name': 'partyId'}, {'type': 'String', 'name': 'roleId'}, {'type': 'Instant', 'name': 'validFrom'}, {'type': 'Instant', 'name': 'validTo'}, {'type': 'boolean', 'name': 'qualificationRequired'}]",5,src/main/java/dz/sh/hidra/modules/party/api/rest/request/AssignPartyRoleRequest.java
party,request,RegisterPartyRequest,"[{'type': 'String', 'name': 'code'}, {'type': 'String', 'name': 'partyTypeId'}, {'type': 'String', 'name': 'legalName'}, {'type': 'String', 'name': 'tradeName'}, {'type': 'String', 'name': 'shortName'}, {'type': 'String', 'name': 'countryCode'}, {'type': 'String', 'name': 'jurisdictionCode'}, {'type': 'String', 'name': 'primaryRoleCodeSnapshot'}]",8,src/main/java/dz/sh/hidra/modules/party/api/rest/request/RegisterPartyRequest.java
party,request,package-info,[],0,src/main/java/dz/sh/hidra/modules/party/api/rest/request/package-info.java
party,response,PartyResponse,"[{'type': 'String', 'name': 'id'}, {'type': 'String', 'name': 'code'}, {'type': 'String', 'name': 'legalName'}, {'type': 'String', 'name': 'tradeName'}, {'type': 'String', 'name': 'shortName'}, {'type': 'String', 'name': 'countryCode'}, {'type': 'PartyStatus', 'name': 'status'}, {'type': 'String', 'name': 'primaryRoleCodeSnapshot'}]",8,src/main/java/dz/sh/hidra/modules/party/api/rest/response/PartyResponse.java
party,response,package-info,[],0,src/main/java/dz/sh/hidra/modules/party/api/rest/response/package-info.java
planning,request,CreateOperationalPlanRequest,"[{'type': 'String', 'name': 'periodId'}, {'type': 'String', 'name': 'code'}, {'type': 'String', 'name': 'nameAr'}, {'type': 'String', 'name': 'nameFr'}, {'type': 'String', 'name': 'nameEn'}, {'type': 'String', 'name': 'planTypeId'}, {'type': 'String', 'name': 'productTypeId'}, {'type': 'String', 'name': 'topologyScopeType'}, {'type': 'String', 'name': 'topologyScopeId'}, {'type': 'String', 'name': 'topologyScopeCode'}, {'type': 'String', 'name': 'topologyScopeNameSnapshot'}, {'type': 'String', 'name': 'responsibleOrganizationUnitId'}, {'type': 'String', 'name': 'createdByActorId'}]",13,src/main/java/dz/sh/hidra/modules/planning/api/rest/request/CreateOperationalPlanRequest.java
planning,request,CreatePlanningPeriodRequest,"[{'type': 'String', 'name': 'code'}, {'type': 'String', 'name': 'nameAr'}, {'type': 'String', 'name': 'nameFr'}, {'type': 'String', 'name': 'nameEn'}, {'type': 'String', 'name': 'periodTypeId'}, {'type': 'Instant', 'name': 'periodStart'}, {'type': 'Instant', 'name': 'periodEnd'}, {'type': 'String', 'name': 'timeZone'}, {'type': 'String', 'name': 'createdByActorId'}]",9,src/main/java/dz/sh/hidra/modules/planning/api/rest/request/CreatePlanningPeriodRequest.java
planning,request,package-info,[],0,src/main/java/dz/sh/hidra/modules/planning/api/rest/request/package-info.java
planning,response,OperationalPlanResponse,"[{'type': 'String', 'name': 'id'}, {'type': 'String', 'name': 'periodId'}, {'type': 'String', 'name': 'code'}, {'type': 'String', 'name': 'nameFr'}, {'type': 'String', 'name': 'topologyScopeType'}, {'type': 'String', 'name': 'topologyScopeId'}, {'type': 'OperationalPlanStatus', 'name': 'status'}, {'type': 'String', 'name': 'approvedRevisionId'}]",8,src/main/java/dz/sh/hidra/modules/planning/api/rest/response/OperationalPlanResponse.java
planning,response,PlanningPeriodResponse,"[{'type': 'String', 'name': 'id'}, {'type': 'String', 'name': 'code'}, {'type': 'String', 'name': 'nameFr'}, {'type': 'Instant', 'name': 'periodStart'}, {'type': 'Instant', 'name': 'periodEnd'}, {'type': 'String', 'name': 'timeZone'}, {'type': 'PlanningPeriodStatus', 'name': 'status'}]",7,src/main/java/dz/sh/hidra/modules/planning/api/rest/response/PlanningPeriodResponse.java
planning,response,package-info,[],0,src/main/java/dz/sh/hidra/modules/planning/api/rest/response/package-info.java
reporting,request,CreateReportDefinitionRequest,"[{'type': 'String', 'name': 'code'}, {'type': 'String', 'name': 'nameAr'}, {'type': 'String', 'name': 'nameFr'}, {'type': 'String', 'name': 'nameEn'}, {'type': 'String', 'name': 'reportCategoryId'}, {'type': 'String', 'name': 'ownerModule'}, {'type': 'String', 'name': 'description'}, {'type': 'boolean', 'name': 'requiresApproval'}, {'type': 'boolean', 'name': 'restricted'}]",9,src/main/java/dz/sh/hidra/modules/reporting/api/rest/request/CreateReportDefinitionRequest.java
reporting,request,GenerateReportArtifactRequest,"[{'type': 'String', 'name': 'reportRunId'}, {'type': 'ReportArtifactType', 'name': 'artifactType'}, {'type': 'ReportFormat', 'name': 'format'}, {'type': 'String', 'name': 'fileName'}, {'type': 'String', 'name': 'mimeType'}, {'type': 'String', 'name': 'storageObjectReferenceId'}, {'type': 'String', 'name': 'documentReferenceId'}, {'type': 'String', 'name': 'checksum'}, {'type': 'Long', 'name': 'sizeBytes'}, {'type': 'Instant', 'name': 'expiresAt'}]",10,src/main/java/dz/sh/hidra/modules/reporting/api/rest/request/GenerateReportArtifactRequest.java
reporting,request,QueueReportRunRequest,"[{'type': 'String', 'name': 'reportRequestId'}, {'type': 'String', 'name': 'reportDefinitionId'}, {'type': 'String', 'name': 'templateVersionId'}, {'type': 'ReportRunMode', 'name': 'runMode'}, {'type': 'String', 'name': 'correlationId'}]",5,src/main/java/dz/sh/hidra/modules/reporting/api/rest/request/QueueReportRunRequest.java
reporting,request,RequestReportRequest,"[{'type': 'String', 'name': 'reportDefinitionId'}, {'type': 'String', 'name': 'requestedByActorId'}, {'type': 'String', 'name': 'requestedByUsernameSnapshot'}, {'type': 'String', 'name': 'requestedByDisplayNameSnapshot'}, {'type': 'String', 'name': 'requestedByRoleCodeSnapshot'}, {'type': 'String', 'name': 'organizationUnitId'}, {'type': 'String', 'name': 'organizationUnitNameSnapshot'}, {'type': 'String', 'name': 'purpose'}, {'type': 'String', 'name': 'correlationId'}, {'type': 'String', 'name': 'workflowReferenceId'}]",10,src/main/java/dz/sh/hidra/modules/reporting/api/rest/request/RequestReportRequest.java
reporting,request,package-info,[],0,src/main/java/dz/sh/hidra/modules/reporting/api/rest/request/package-info.java
reporting,response,ReportDefinitionResponse,"[{'type': 'String', 'name': 'id'}, {'type': 'String', 'name': 'code'}, {'type': 'String', 'name': 'nameFr'}, {'type': 'String', 'name': 'reportCategoryId'}, {'type': 'String', 'name': 'ownerModule'}, {'type': 'boolean', 'name': 'active'}, {'type': 'String', 'name': 'currentTemplateVersionId'}, {'type': 'boolean', 'name': 'requiresApproval'}, {'type': 'boolean', 'name': 'restricted'}]",9,src/main/java/dz/sh/hidra/modules/reporting/api/rest/response/ReportDefinitionResponse.java
reporting,response,ReportOutputArtifactResponse,"[{'type': 'String', 'name': 'id'}, {'type': 'String', 'name': 'reportRunId'}, {'type': 'ReportArtifactType', 'name': 'artifactType'}, {'type': 'ReportFormat', 'name': 'format'}, {'type': 'String', 'name': 'fileName'}, {'type': 'String', 'name': 'mimeType'}, {'type': 'String', 'name': 'documentReferenceId'}, {'type': 'String', 'name': 'checksum'}, {'type': 'Long', 'name': 'sizeBytes'}, {'type': 'Instant', 'name': 'generatedAt'}]",10,src/main/java/dz/sh/hidra/modules/reporting/api/rest/response/ReportOutputArtifactResponse.java
reporting,response,ReportRequestResponse,"[{'type': 'String', 'name': 'id'}, {'type': 'String', 'name': 'reportDefinitionId'}, {'type': 'String', 'name': 'requestedByActorId'}, {'type': 'String', 'name': 'requestedByDisplayNameSnapshot'}, {'type': 'String', 'name': 'organizationUnitId'}, {'type': 'Instant', 'name': 'requestedAt'}, {'type': 'ReportRequestStatus', 'name': 'status'}, {'type': 'String', 'name': 'correlationId'}, {'type': 'String', 'name': 'workflowReferenceId'}]",9,src/main/java/dz/sh/hidra/modules/reporting/api/rest/response/ReportRequestResponse.java
reporting,response,ReportRunResponse,"[{'type': 'String', 'name': 'id'}, {'type': 'String', 'name': 'reportRequestId'}, {'type': 'String', 'name': 'reportDefinitionId'}, {'type': 'String', 'name': 'templateVersionId'}, {'type': 'ReportRunStatus', 'name': 'status'}, {'type': 'ReportRunMode', 'name': 'runMode'}, {'type': 'Instant', 'name': 'queuedAt'}, {'type': 'Instant', 'name': 'completedAt'}, {'type': 'String', 'name': 'correlationId'}]",9,src/main/java/dz/sh/hidra/modules/reporting/api/rest/response/ReportRunResponse.java
reporting,response,package-info,[],0,src/main/java/dz/sh/hidra/modules/reporting/api/rest/response/package-info.java
risk,request,AddRiskEvidenceRequest,"[{'type': 'String', 'name': 'riskAssessmentId'}, {'type': 'String', 'name': 'evidenceModule'}, {'type': 'String', 'name': 'evidenceType'}, {'type': 'String', 'name': 'evidenceId'}, {'type': 'String', 'name': 'evidenceCodeSnapshot'}, {'type': 'String', 'name': 'evidenceLabelSnapshot'}, {'type': 'Instant', 'name': 'evidenceTimestamp'}, {'type': 'String', 'name': 'evidenceHash'}, {'type': 'String', 'name': 'evidenceSummary'}]",9,src/main/java/dz/sh/hidra/modules/risk/api/rest/request/AddRiskEvidenceRequest.java
risk,request,CreateRiskAssessmentRequest,"[{'type': 'String', 'name': 'riskRegisterId'}, {'type': 'String', 'name': 'assessmentNumber'}, {'type': 'String', 'name': 'title'}, {'type': 'String', 'name': 'description'}, {'type': 'String', 'name': 'assessmentTypeId'}, {'type': 'String', 'name': 'methodologyId'}, {'type': 'String', 'name': 'scopeId'}, {'type': 'String', 'name': 'riskScenarioId'}, {'type': 'Instant', 'name': 'assessmentDate'}, {'type': 'Instant', 'name': 'validFrom'}, {'type': 'Instant', 'name': 'validTo'}, {'type': 'String', 'name': 'assessedByActorId'}, {'type': 'String', 'name': 'assessedByDisplayNameSnapshot'}]",13,src/main/java/dz/sh/hidra/modules/risk/api/rest/request/CreateRiskAssessmentRequest.java
risk,request,CreateRiskRegisterRequest,"[{'type': 'String', 'name': 'code'}, {'type': 'String', 'name': 'nameAr'}, {'type': 'String', 'name': 'nameFr'}, {'type': 'String', 'name': 'nameEn'}, {'type': 'String', 'name': 'description'}, {'type': 'String', 'name': 'registerTypeId'}, {'type': 'String', 'name': 'ownerOrganizationUnitId'}, {'type': 'String', 'name': 'ownerOrganizationUnitNameSnapshot'}, {'type': 'String', 'name': 'scopeType'}, {'type': 'String', 'name': 'scopeId'}, {'type': 'String', 'name': 'scopeCodeSnapshot'}, {'type': 'String', 'name': 'scopeLabelSnapshot'}, {'type': 'String', 'name': 'reviewFrequencyId'}, {'type': 'Instant', 'name': 'effectiveFrom'}, {'type': 'Instant', 'name': 'effectiveTo'}, {'type': 'String', 'name': 'createdByActorId'}, {'type': 'String', 'name': 'createdByDisplayNameSnapshot'}]",17,src/main/java/dz/sh/hidra/modules/risk/api/rest/request/CreateRiskRegisterRequest.java
risk,request,package-info,[],0,src/main/java/dz/sh/hidra/modules/risk/api/rest/request/package-info.java
risk,response,RiskAssessmentResponse,"[{'type': 'String', 'name': 'id'}, {'type': 'String', 'name': 'riskRegisterId'}, {'type': 'String', 'name': 'assessmentNumber'}, {'type': 'String', 'name': 'title'}, {'type': 'String', 'name': 'riskScenarioId'}, {'type': 'RiskAssessmentStatus', 'name': 'status'}, {'type': 'BigDecimal', 'name': 'inherentScore'}, {'type': 'String', 'name': 'inherentRatingId'}, {'type': 'BigDecimal', 'name': 'residualScore'}, {'type': 'String', 'name': 'residualRatingId'}, {'type': 'Instant', 'name': 'assessmentDate'}]",11,src/main/java/dz/sh/hidra/modules/risk/api/rest/response/RiskAssessmentResponse.java
risk,response,RiskRegisterResponse,"[{'type': 'String', 'name': 'id'}, {'type': 'String', 'name': 'code'}, {'type': 'String', 'name': 'nameFr'}, {'type': 'String', 'name': 'registerTypeId'}, {'type': 'String', 'name': 'scopeType'}, {'type': 'String', 'name': 'scopeId'}, {'type': 'RiskRegisterStatus', 'name': 'status'}]",7,src/main/java/dz/sh/hidra/modules/risk/api/rest/response/RiskRegisterResponse.java
risk,response,package-info,[],0,src/main/java/dz/sh/hidra/modules/risk/api/rest/response/package-info.java
simulation,request,CreateSimulationModelRequest,"[{'type': 'String', 'name': 'code'}, {'type': 'String', 'name': 'nameAr'}, {'type': 'String', 'name': 'nameFr'}, {'type': 'String', 'name': 'nameEn'}, {'type': 'String', 'name': 'modelTypeId'}, {'type': 'String', 'name': 'topologyScopeType'}, {'type': 'String', 'name': 'topologyScopeId'}, {'type': 'String', 'name': 'description'}]",8,src/main/java/dz/sh/hidra/modules/simulation/api/rest/request/CreateSimulationModelRequest.java
simulation,request,CreateSimulationScenarioRequest,"[{'type': 'String', 'name': 'code'}, {'type': 'String', 'name': 'nameAr'}, {'type': 'String', 'name': 'nameFr'}, {'type': 'String', 'name': 'nameEn'}, {'type': 'String', 'name': 'scenarioTypeId'}, {'type': 'String', 'name': 'modelId'}, {'type': 'String', 'name': 'modelVersionId'}, {'type': 'String', 'name': 'topologySnapshotId'}, {'type': 'String', 'name': 'planningReferenceId'}, {'type': 'String', 'name': 'monitoringContextId'}, {'type': 'String', 'name': 'createdByActorId'}, {'type': 'String', 'name': 'createdByDisplayNameSnapshot'}]",12,src/main/java/dz/sh/hidra/modules/simulation/api/rest/request/CreateSimulationScenarioRequest.java
simulation,request,PublishSimulationRecommendationRequest,"[{'type': 'String', 'name': 'runId'}, {'type': 'String', 'name': 'candidateId'}, {'type': 'String', 'name': 'recommendationTypeId'}, {'type': 'String', 'name': 'title'}, {'type': 'String', 'name': 'description'}, {'type': 'String', 'name': 'confidenceLevelId'}, {'type': 'String', 'name': 'targetModule'}, {'type': 'String', 'name': 'targetProposalReference'}, {'type': 'String', 'name': 'publishedByActorId'}]",9,src/main/java/dz/sh/hidra/modules/simulation/api/rest/request/PublishSimulationRecommendationRequest.java
simulation,request,QueueSimulationRunRequest,"[{'type': 'String', 'name': 'scenarioId'}, {'type': 'String', 'name': 'modelVersionId'}, {'type': 'String', 'name': 'inputSnapshotId'}, {'type': 'String', 'name': 'runTypeId'}, {'type': 'String', 'name': 'requestedByActorId'}, {'type': 'String', 'name': 'requestedByDisplayNameSnapshot'}, {'type': 'String', 'name': 'solverProfileId'}, {'type': 'String', 'name': 'correlationId'}]",8,src/main/java/dz/sh/hidra/modules/simulation/api/rest/request/QueueSimulationRunRequest.java
simulation,request,package-info,[],0,src/main/java/dz/sh/hidra/modules/simulation/api/rest/request/package-info.java
simulation,response,SimulationModelResponse,"[{'type': 'String', 'name': 'id'}, {'type': 'String', 'name': 'code'}, {'type': 'String', 'name': 'nameFr'}, {'type': 'String', 'name': 'modelTypeId'}, {'type': 'String', 'name': 'topologyScopeType'}, {'type': 'SimulationModelStatus', 'name': 'status'}, {'type': 'Instant', 'name': 'createdAt'}]",7,src/main/java/dz/sh/hidra/modules/simulation/api/rest/response/SimulationModelResponse.java
simulation,response,SimulationRecommendationResponse,"[{'type': 'String', 'name': 'id'}, {'type': 'String', 'name': 'runId'}, {'type': 'String', 'name': 'candidateId'}, {'type': 'String', 'name': 'recommendationTypeId'}, {'type': 'SimulationRecommendationStatus', 'name': 'recommendationStatus'}, {'type': 'String', 'name': 'title'}, {'type': 'String', 'name': 'targetModule'}, {'type': 'String', 'name': 'targetProposalReference'}, {'type': 'Instant', 'name': 'publishedAt'}]",9,src/main/java/dz/sh/hidra/modules/simulation/api/rest/response/SimulationRecommendationResponse.java
simulation,response,SimulationRunResponse,"[{'type': 'String', 'name': 'id'}, {'type': 'String', 'name': 'scenarioId'}, {'type': 'String', 'name': 'modelVersionId'}, {'type': 'String', 'name': 'inputSnapshotId'}, {'type': 'String', 'name': 'runTypeId'}, {'type': 'SimulationRunStatus', 'name': 'status'}, {'type': 'String', 'name': 'correlationId'}, {'type': 'Instant', 'name': 'queuedAt'}, {'type': 'Instant', 'name': 'completedAt'}]",9,src/main/java/dz/sh/hidra/modules/simulation/api/rest/response/SimulationRunResponse.java
simulation,response,SimulationScenarioResponse,"[{'type': 'String', 'name': 'id'}, {'type': 'String', 'name': 'code'}, {'type': 'String', 'name': 'nameFr'}, {'type': 'String', 'name': 'scenarioTypeId'}, {'type': 'String', 'name': 'modelId'}, {'type': 'String', 'name': 'modelVersionId'}, {'type': 'String', 'name': 'topologySnapshotId'}, {'type': 'SimulationScenarioStatus', 'name': 'status'}, {'type': 'Instant', 'name': 'createdAt'}]",9,src/main/java/dz/sh/hidra/modules/simulation/api/rest/response/SimulationScenarioResponse.java
simulation,response,package-info,[],0,src/main/java/dz/sh/hidra/modules/simulation/api/rest/response/package-info.java
telemetry,request,CreateTelemetrySourceRequest,"[{'type': 'String', 'name': 'code'}, {'type': 'String', 'name': 'nameAr'}, {'type': 'String', 'name': 'nameFr'}, {'type': 'String', 'name': 'nameEn'}, {'type': 'String', 'name': 'sourceTypeId'}, {'type': 'String', 'name': 'protocolId'}, {'type': 'String', 'name': 'endpointUri'}, {'type': 'String', 'name': 'externalReference'}]",8,src/main/java/dz/sh/hidra/modules/telemetry/api/rest/request/CreateTelemetrySourceRequest.java
telemetry,request,RegisterTelemetryPointRequest,"[{'type': 'String', 'name': 'deviceId'}, {'type': 'String', 'name': 'code'}, {'type': 'String', 'name': 'nameAr'}, {'type': 'String', 'name': 'nameFr'}, {'type': 'String', 'name': 'nameEn'}, {'type': 'String', 'name': 'pointTypeId'}, {'type': 'String', 'name': 'signalTypeId'}, {'type': 'String', 'name': 'unitId'}, {'type': 'Integer', 'name': 'samplingPeriodSeconds'}, {'type': 'BigDecimal', 'name': 'minOperationalValue'}, {'type': 'BigDecimal', 'name': 'maxOperationalValue'}]",11,src/main/java/dz/sh/hidra/modules/telemetry/api/rest/request/RegisterTelemetryPointRequest.java
telemetry,request,package-info,[],0,src/main/java/dz/sh/hidra/modules/telemetry/api/rest/request/package-info.java
telemetry,response,TelemetryPointResponse,"[{'type': 'String', 'name': 'id'}, {'type': 'String', 'name': 'deviceId'}, {'type': 'String', 'name': 'code'}, {'type': 'String', 'name': 'nameFr'}, {'type': 'String', 'name': 'signalTypeId'}, {'type': 'String', 'name': 'unitId'}, {'type': 'TelemetryLifecycleStatus', 'name': 'status'}]",7,src/main/java/dz/sh/hidra/modules/telemetry/api/rest/response/TelemetryPointResponse.java
telemetry,response,TelemetrySourceResponse,"[{'type': 'String', 'name': 'id'}, {'type': 'String', 'name': 'code'}, {'type': 'String', 'name': 'nameFr'}, {'type': 'String', 'name': 'sourceTypeId'}, {'type': 'String', 'name': 'protocolId'}, {'type': 'TelemetryLifecycleStatus', 'name': 'status'}]",6,src/main/java/dz/sh/hidra/modules/telemetry/api/rest/response/TelemetrySourceResponse.java
telemetry,response,package-info,[],0,src/main/java/dz/sh/hidra/modules/telemetry/api/rest/response/package-info.java
topology,request,CreatePipelineSystemRequest,"[{'type': 'String', 'name': 'code'}, {'type': 'String', 'name': 'nameAr'}, {'type': 'String', 'name': 'nameFr'}, {'type': 'String', 'name': 'nameEn'}, {'type': 'PipelineSystemType', 'name': 'systemType'}, {'type': 'String', 'name': 'description'}]",6,src/main/java/dz/sh/hidra/modules/topology/api/rest/request/CreatePipelineSystemRequest.java
topology,request,RegisterFacilityRequest,"[{'type': 'String', 'name': 'code'}, {'type': 'String', 'name': 'nameAr'}, {'type': 'String', 'name': 'nameFr'}, {'type': 'String', 'name': 'nameEn'}, {'type': 'String', 'name': 'facilityTypeId'}, {'type': 'FacilityKind', 'name': 'facilityKind'}, {'type': 'String', 'name': 'ownerPartyId'}, {'type': 'String', 'name': 'ownerPartyCodeSnapshot'}, {'type': 'String', 'name': 'ownerPartyNameSnapshot'}, {'type': 'BigDecimal', 'name': 'latitude'}, {'type': 'BigDecimal', 'name': 'longitude'}, {'type': 'BigDecimal', 'name': 'elevationMeters'}]",12,src/main/java/dz/sh/hidra/modules/topology/api/rest/request/RegisterFacilityRequest.java
topology,request,package-info,[],0,src/main/java/dz/sh/hidra/modules/topology/api/rest/request/package-info.java
topology,response,FacilityResponse,"[{'type': 'String', 'name': 'id'}, {'type': 'String', 'name': 'code'}, {'type': 'String', 'name': 'nameAr'}, {'type': 'String', 'name': 'nameFr'}, {'type': 'String', 'name': 'nameEn'}, {'type': 'FacilityKind', 'name': 'facilityKind'}, {'type': 'FacilityStatus', 'name': 'status'}]",7,src/main/java/dz/sh/hidra/modules/topology/api/rest/response/FacilityResponse.java
topology,response,PipelineSystemResponse,"[{'type': 'String', 'name': 'id'}, {'type': 'String', 'name': 'code'}, {'type': 'String', 'name': 'nameAr'}, {'type': 'String', 'name': 'nameFr'}, {'type': 'String', 'name': 'nameEn'}, {'type': 'PipelineSystemType', 'name': 'systemType'}, {'type': 'TopologyStatus', 'name': 'status'}]",7,src/main/java/dz/sh/hidra/modules/topology/api/rest/response/PipelineSystemResponse.java
topology,response,package-info,[],0,src/main/java/dz/sh/hidra/modules/topology/api/rest/response/package-info.java
workflow,request,CreateWorkflowTaskRequest,"[{'type': 'String', 'name': 'instanceId'}, {'type': 'String', 'name': 'stepId'}, {'type': 'String', 'name': 'assignedActorId'}, {'type': 'String', 'name': 'assignedActorUsernameSnapshot'}, {'type': 'String', 'name': 'assignedActorDisplayNameSnapshot'}, {'type': 'String', 'name': 'assignedOrganizationUnitId'}, {'type': 'String', 'name': 'assignedOrganizationUnitNameSnapshot'}, {'type': 'String', 'name': 'assignedRoleCodeSnapshot'}, {'type': 'String', 'name': 'priorityId'}, {'type': 'Instant', 'name': 'dueAt'}, {'type': 'String', 'name': 'assignmentModeId'}, {'type': 'String', 'name': 'taskLabelSnapshot'}]",12,src/main/java/dz/sh/hidra/modules/workflow/api/rest/request/CreateWorkflowTaskRequest.java
workflow,request,RecordWorkflowActionRequest,"[{'type': 'String', 'name': 'instanceId'}, {'type': 'String', 'name': 'taskId'}, {'type': 'WorkflowActionType', 'name': 'actionType'}, {'type': 'WorkflowDecision', 'name': 'decision'}, {'type': 'String', 'name': 'reasonId'}, {'type': 'String', 'name': 'decisionNote'}, {'type': 'String', 'name': 'commentText'}, {'type': 'String', 'name': 'actorId'}, {'type': 'String', 'name': 'actorUsernameSnapshot'}, {'type': 'String', 'name': 'actorDisplayNameSnapshot'}, {'type': 'String', 'name': 'actorRoleCodeSnapshot'}, {'type': 'String', 'name': 'organizationUnitId'}, {'type': 'String', 'name': 'organizationUnitNameSnapshot'}, {'type': 'String', 'name': 'organizationRoleCodeSnapshot'}, {'type': 'String', 'name': 'correlationId'}, {'type': 'long', 'name': 'actionSequence'}, {'type': 'String', 'name': 'sourceSystem'}, {'type': 'Instant', 'name': 'actedAt'}]",18,src/main/java/dz/sh/hidra/modules/workflow/api/rest/request/RecordWorkflowActionRequest.java
workflow,request,StartWorkflowInstanceRequest,"[{'type': 'String', 'name': 'definitionId'}, {'type': 'int', 'name': 'definitionVersion'}, {'type': 'String', 'name': 'workflowPurposeId'}, {'type': 'String', 'name': 'targetModule'}, {'type': 'String', 'name': 'targetTypeId'}, {'type': 'String', 'name': 'targetId'}, {'type': 'String', 'name': 'targetCodeSnapshot'}, {'type': 'String', 'name': 'targetLabelSnapshot'}, {'type': 'String', 'name': 'currentStepId'}, {'type': 'String', 'name': 'startedByActorId'}, {'type': 'String', 'name': 'startedByUsernameSnapshot'}, {'type': 'String', 'name': 'startedByDisplayNameSnapshot'}, {'type': 'String', 'name': 'startedByRoleCodeSnapshot'}, {'type': 'String', 'name': 'correlationId'}]",14,src/main/java/dz/sh/hidra/modules/workflow/api/rest/request/StartWorkflowInstanceRequest.java
workflow,request,package-info,[],0,src/main/java/dz/sh/hidra/modules/workflow/api/rest/request/package-info.java
workflow,response,WorkflowActionResponse,"[{'type': 'String', 'name': 'id'}, {'type': 'String', 'name': 'instanceId'}, {'type': 'String', 'name': 'taskId'}, {'type': 'WorkflowActionType', 'name': 'actionType'}, {'type': 'WorkflowDecision', 'name': 'decision'}, {'type': 'String', 'name': 'reasonId'}, {'type': 'String', 'name': 'actorId'}, {'type': 'String', 'name': 'actorDisplayNameSnapshot'}, {'type': 'long', 'name': 'actionSequence'}, {'type': 'Instant', 'name': 'actedAt'}]",10,src/main/java/dz/sh/hidra/modules/workflow/api/rest/response/WorkflowActionResponse.java
workflow,response,WorkflowInstanceResponse,"[{'type': 'String', 'name': 'id'}, {'type': 'String', 'name': 'definitionId'}, {'type': 'int', 'name': 'definitionVersion'}, {'type': 'String', 'name': 'targetModule'}, {'type': 'String', 'name': 'targetTypeId'}, {'type': 'String', 'name': 'targetId'}, {'type': 'WorkflowInstanceStatus', 'name': 'status'}, {'type': 'String', 'name': 'currentStepId'}, {'type': 'Instant', 'name': 'startedAt'}, {'type': 'Instant', 'name': 'completedAt'}]",10,src/main/java/dz/sh/hidra/modules/workflow/api/rest/response/WorkflowInstanceResponse.java
workflow,response,WorkflowTaskResponse,"[{'type': 'String', 'name': 'id'}, {'type': 'String', 'name': 'instanceId'}, {'type': 'String', 'name': 'stepId'}, {'type': 'WorkflowTaskStatus', 'name': 'status'}, {'type': 'String', 'name': 'assignedActorId'}, {'type': 'String', 'name': 'assignedOrganizationUnitId'}, {'type': 'String', 'name': 'priorityId'}, {'type': 'Instant', 'name': 'dueAt'}]",8,src/main/java/dz/sh/hidra/modules/workflow/api/rest/response/WorkflowTaskResponse.java
workflow,response,package-info,[],0,src/main/java/dz/sh/hidra/modules/workflow/api/rest/response/package-info.java
