route,page,module,purpose,personas,permissions,apis,workflows,widgets,notifications
/login,Login,security,Authenticate through the configured enterprise identity provider or JWT acquisition flow. HidraAPI exposes resource-server JWT validation but no local login endpoint.,All users,External IdP / no HidraAPI login permission evidence,Unable to determine from available evidence. JWT resource-server mode is backend evidence; frontend login is IdP-driven.,Authentication session lifecycle,Login form; language selector; security notice,Authentication error toast only
/dashboard,Operational Command Dashboard,monitoring,"Provide operational situation awareness across alarms, monitoring, topology, leaks, risk and notifications.",Control Room Operators; Operational Engineers; Managers; Executives,Derived from module read permissions and authenticated user session,GET /api/v1/workbench/modules; GET /api/v1/realtime/capabilities; GET /api/v1/realtime/sse,Operational awareness and triage,KPI cards; alarm strip; map thumbnail; realtime feed; recent work items,Realtime heartbeat/events when available
/security/permissions,Permission Catalog,security,Expose backend-derived route permission metadata for frontend guards and menu visibility.,Administrators,HIDRA_SECURITY_PERMISSIONS_READ,GET /api/v1/security/permissions/catalog; GET /api/v1/security/permissions/routes,Security governance,Permission table; route filter; export action,None
/realtime,Realtime Monitor,realtime,Monitor SSE/STOMP connectivity and backend realtime capabilities.,Administrators; Control Room Operators,HIDRA_REALTIME_CAPABILITIES_READ,GET /api/v1/realtime/capabilities; GET /api/v1/realtime/sse; WS /api/v1/realtime/ws,Operational event streaming,Connection status; topic list; event log,SSE/STOMP event banners
/topology/map,Topology GIS Map,topology,"Visualize topology map layers, GeoJSON features, facilities, nodes, pipeline segments and connections.",Operational Engineers; Control Room Operators; Field Supervisors,HIDRA_TOPOLOGY_MAP_READ,GET /api/v1/topology/map/layers; GET /api/v1/topology/map/geojson; GET /api/v1/topology/map/search,Network visualization and operational navigation,Leaflet map; layer tree; legend; search; feature popup; filter drawer,Realtime topology update indicators when backend publishes events
/alarm,Alarm Workbench,alarm,"Alarm lifecycle, escalation, acknowledgement and closure evidence.",Control Room Operators; Field Supervisors,HIDRA_ALARM_*_READ / HIDRA_ALARM_*_EXECUTE derived from permission catalog,GET /api/v1/alarm/capabilities; GET /api/v1/alarm/workbench/resources; GET /api/v1/alarm/workbench/{resource}; POST /api/v1/alarm/workbench/{resource}/search,Use module command endpoints for execution; exact workflow states unavailable unless exposed by the workflow module or domain events.,Module header; resource cards; searchable data grid; detail drawer; command action panel; audit strip,Use async notifications and realtime stream where related module events exist.
/analytics,Analytics Workbench,analytics,"Operational KPIs, insights, projections and digital twin readiness.",Department Managers; Executives; Operational Engineers,HIDRA_ANALYTICS_*_READ / HIDRA_ANALYTICS_*_EXECUTE derived from permission catalog,GET /api/v1/analytics/capabilities; GET /api/v1/analytics/workbench/resources; GET /api/v1/analytics/workbench/{resource}; POST /api/v1/analytics/workbench/{resource}/search,Use module command endpoints for execution; exact workflow states unavailable unless exposed by the workflow module or domain events.,Module header; resource cards; searchable data grid; detail drawer; command action panel; audit strip,Use async notifications and realtime stream where related module events exist.
/assets,Assets Workbench,assets,"Maintainable asset registry, lifecycle and maintenance context.",Operational Engineers; Field Supervisors,HIDRA_ASSETS_*_READ / HIDRA_ASSETS_*_EXECUTE derived from permission catalog,GET /api/v1/assets/capabilities; GET /api/v1/assets/workbench/resources; GET /api/v1/assets/workbench/{resource}; POST /api/v1/assets/workbench/{resource}/search,Use module command endpoints for execution; exact workflow states unavailable unless exposed by the workflow module or domain events.,Module header; resource cards; searchable data grid; detail drawer; command action panel; audit strip,Use async notifications and realtime stream where related module events exist.
/audit,Audit Workbench,audit,"Audit evidence, access records and event traceability.",Administrators; Department Managers,HIDRA_AUDIT_*_READ / HIDRA_AUDIT_*_EXECUTE derived from permission catalog,GET /api/v1/audit/capabilities; GET /api/v1/audit/workbench/resources; GET /api/v1/audit/workbench/{resource}; POST /api/v1/audit/workbench/{resource}/search,Use module command endpoints for execution; exact workflow states unavailable unless exposed by the workflow module or domain events.,Module header; resource cards; searchable data grid; detail drawer; command action panel; audit strip,Use async notifications and realtime stream where related module events exist.
/configuration,Configuration Workbench,configuration,"Configuration values, change requests, snapshots and deployment.",Administrators,HIDRA_CONFIGURATION_*_READ / HIDRA_CONFIGURATION_*_EXECUTE derived from permission catalog,GET /api/v1/configuration/capabilities; GET /api/v1/configuration/workbench/resources; GET /api/v1/configuration/workbench/{resource}; POST /api/v1/configuration/workbench/{resource}/search,Use module command endpoints for execution; exact workflow states unavailable unless exposed by the workflow module or domain events.,Module header; resource cards; searchable data grid; detail drawer; command action panel; audit strip,Use async notifications and realtime stream where related module events exist.
/custody,Custody Workbench,custody,"Custody periods, tickets, discrepancies and transfer approvals.",Operational Engineers; Department Managers,HIDRA_CUSTODY_*_READ / HIDRA_CUSTODY_*_EXECUTE derived from permission catalog,GET /api/v1/custody/capabilities; GET /api/v1/custody/workbench/resources; GET /api/v1/custody/workbench/{resource}; POST /api/v1/custody/workbench/{resource}/search,Use module command endpoints for execution; exact workflow states unavailable unless exposed by the workflow module or domain events.,Module header; resource cards; searchable data grid; detail drawer; command action panel; audit strip,Use async notifications and realtime stream where related module events exist.
/documents,Documents Workbench,documents,"Document registration, versions, linking and archive support.",Operational Engineers; Workflow Validators,HIDRA_DOCUMENTS_*_READ / HIDRA_DOCUMENTS_*_EXECUTE derived from permission catalog,GET /api/v1/documents/capabilities; GET /api/v1/documents/workbench/resources; GET /api/v1/documents/workbench/{resource}; POST /api/v1/documents/workbench/{resource}/search,Use module command endpoints for execution; exact workflow states unavailable unless exposed by the workflow module or domain events.,Module header; resource cards; searchable data grid; detail drawer; command action panel; audit strip,Use async notifications and realtime stream where related module events exist.
/hse,Hse Workbench,hse,"Health, safety and environmental events, CAPA and compliance visibility.",Field Supervisors; Department Managers; Executives,HIDRA_HSE_*_READ / HIDRA_HSE_*_EXECUTE derived from permission catalog,GET /api/v1/hse/capabilities; GET /api/v1/hse/workbench/resources; GET /api/v1/hse/workbench/{resource}; POST /api/v1/hse/workbench/{resource}/search,Use module command endpoints for execution; exact workflow states unavailable unless exposed by the workflow module or domain events.,Module header; resource cards; searchable data grid; detail drawer; command action panel; audit strip,Use async notifications and realtime stream where related module events exist.
/identity,Identity Workbench,identity,"Users, roles, delegated authorization and permission evaluation.",Administrators,HIDRA_IDENTITY_*_READ / HIDRA_IDENTITY_*_EXECUTE derived from permission catalog,GET /api/v1/identity/capabilities; GET /api/v1/identity/workbench/resources; GET /api/v1/identity/workbench/{resource}; POST /api/v1/identity/workbench/{resource}/search,Use module command endpoints for execution; exact workflow states unavailable unless exposed by the workflow module or domain events.,Module header; resource cards; searchable data grid; detail drawer; command action panel; audit strip,Use async notifications and realtime stream where related module events exist.
/incident,Incident Workbench,incident,Incident records and response coordination.,Field Supervisors; Workflow Validators; Department Managers,HIDRA_INCIDENT_*_READ / HIDRA_INCIDENT_*_EXECUTE derived from permission catalog,GET /api/v1/incident/capabilities; GET /api/v1/incident/workbench/resources; GET /api/v1/incident/workbench/{resource}; POST /api/v1/incident/workbench/{resource}/search,Use module command endpoints for execution; exact workflow states unavailable unless exposed by the workflow module or domain events.,Module header; resource cards; searchable data grid; detail drawer; command action panel; audit strip,Use async notifications and realtime stream where related module events exist.
/integration,Integration Workbench,integration,"Integration endpoints, external systems and data exchange governance.",Administrators,HIDRA_INTEGRATION_*_READ / HIDRA_INTEGRATION_*_EXECUTE derived from permission catalog,GET /api/v1/integration/capabilities; GET /api/v1/integration/workbench/resources; GET /api/v1/integration/workbench/{resource}; POST /api/v1/integration/workbench/{resource}/search,Use module command endpoints for execution; exact workflow states unavailable unless exposed by the workflow module or domain events.,Module header; resource cards; searchable data grid; detail drawer; command action panel; audit strip,Use async notifications and realtime stream where related module events exist.
/integrity,Integrity Workbench,integrity,"Asset integrity inspections, defects, corrosion and mitigation.",Operational Engineers; Field Supervisors; Department Managers,HIDRA_INTEGRITY_*_READ / HIDRA_INTEGRITY_*_EXECUTE derived from permission catalog,GET /api/v1/integrity/capabilities; GET /api/v1/integrity/workbench/resources; GET /api/v1/integrity/workbench/{resource}; POST /api/v1/integrity/workbench/{resource}/search,Use module command endpoints for execution; exact workflow states unavailable unless exposed by the workflow module or domain events.,Module header; resource cards; searchable data grid; detail drawer; command action panel; audit strip,Use async notifications and realtime stream where related module events exist.
/leakdetection,Leak Detection Workbench,leakdetection,"Leak candidates, leak signals, evaluations and decision support.",Control Room Operators; Operational Engineers; Field Supervisors,HIDRA_LEAKDETECTION_*_READ / HIDRA_LEAKDETECTION_*_EXECUTE derived from permission catalog,GET /api/v1/leakdetection/capabilities; GET /api/v1/leakdetection/workbench/resources; GET /api/v1/leakdetection/workbench/{resource}; POST /api/v1/leakdetection/workbench/{resource}/search,Use module command endpoints for execution; exact workflow states unavailable unless exposed by the workflow module or domain events.,Module header; resource cards; searchable data grid; detail drawer; command action panel; audit strip,Use async notifications and realtime stream where related module events exist.
/monitoring,Monitoring Workbench,monitoring,"Operational monitoring, KPIs, events and status visibility.",Control Room Operators; Operational Engineers; Executives,HIDRA_MONITORING_*_READ / HIDRA_MONITORING_*_EXECUTE derived from permission catalog,GET /api/v1/monitoring/capabilities; GET /api/v1/monitoring/workbench/resources; GET /api/v1/monitoring/workbench/{resource}; POST /api/v1/monitoring/workbench/{resource}/search,Use module command endpoints for execution; exact workflow states unavailable unless exposed by the workflow module or domain events.,Module header; resource cards; searchable data grid; detail drawer; command action panel; audit strip,Use async notifications and realtime stream where related module events exist.
/notification,Notification Workbench,notification,"Notification messages, async push delivery and delivery attempts.",Administrators; Control Room Operators,HIDRA_NOTIFICATION_*_READ / HIDRA_NOTIFICATION_*_EXECUTE derived from permission catalog,GET /api/v1/notification/capabilities; GET /api/v1/notification/workbench/resources; GET /api/v1/notification/workbench/{resource}; POST /api/v1/notification/workbench/{resource}/search,Use module command endpoints for execution; exact workflow states unavailable unless exposed by the workflow module or domain events.,Module header; resource cards; searchable data grid; detail drawer; command action panel; audit strip,Use async notifications and realtime stream where related module events exist.
/organization,Organization Workbench,organization,SONATRACH organizational units and operational ownership boundaries.,Administrators; Department Managers,HIDRA_ORGANIZATION_*_READ / HIDRA_ORGANIZATION_*_EXECUTE derived from permission catalog,GET /api/v1/organization/capabilities; GET /api/v1/organization/workbench/resources; GET /api/v1/organization/workbench/{resource}; POST /api/v1/organization/workbench/{resource}/search,Use module command endpoints for execution; exact workflow states unavailable unless exposed by the workflow module or domain events.,Module header; resource cards; searchable data grid; detail drawer; command action panel; audit strip,Use async notifications and realtime stream where related module events exist.
/party,Party Workbench,party,"External/internal parties, contacts and stakeholder master data.",Administrators; Department Managers,HIDRA_PARTY_*_READ / HIDRA_PARTY_*_EXECUTE derived from permission catalog,GET /api/v1/party/capabilities; GET /api/v1/party/workbench/resources; GET /api/v1/party/workbench/{resource}; POST /api/v1/party/workbench/{resource}/search,Use module command endpoints for execution; exact workflow states unavailable unless exposed by the workflow module or domain events.,Module header; resource cards; searchable data grid; detail drawer; command action panel; audit strip,Use async notifications and realtime stream where related module events exist.
/planning,Planning Workbench,planning,"Operational plans, nominations, schedules and planning controls.",Operational Engineers; Department Managers,HIDRA_PLANNING_*_READ / HIDRA_PLANNING_*_EXECUTE derived from permission catalog,GET /api/v1/planning/capabilities; GET /api/v1/planning/workbench/resources; GET /api/v1/planning/workbench/{resource}; POST /api/v1/planning/workbench/{resource}/search,Use module command endpoints for execution; exact workflow states unavailable unless exposed by the workflow module or domain events.,Module header; resource cards; searchable data grid; detail drawer; command action panel; audit strip,Use async notifications and realtime stream where related module events exist.
/reporting,Reporting Workbench,reporting,"Report definitions, report requests and report output lifecycle.",Department Managers; Executives; Operational Engineers,HIDRA_REPORTING_*_READ / HIDRA_REPORTING_*_EXECUTE derived from permission catalog,GET /api/v1/reporting/capabilities; GET /api/v1/reporting/workbench/resources; GET /api/v1/reporting/workbench/{resource}; POST /api/v1/reporting/workbench/{resource}/search,Use module command endpoints for execution; exact workflow states unavailable unless exposed by the workflow module or domain events.,Module header; resource cards; searchable data grid; detail drawer; command action panel; audit strip,Use async notifications and realtime stream where related module events exist.
/risk,Risk Workbench,risk,Risk assessments and mitigations across operational assets.,Operational Engineers; Department Managers; Executives,HIDRA_RISK_*_READ / HIDRA_RISK_*_EXECUTE derived from permission catalog,GET /api/v1/risk/capabilities; GET /api/v1/risk/workbench/resources; GET /api/v1/risk/workbench/{resource}; POST /api/v1/risk/workbench/{resource}/search,Use module command endpoints for execution; exact workflow states unavailable unless exposed by the workflow module or domain events.,Module header; resource cards; searchable data grid; detail drawer; command action panel; audit strip,Use async notifications and realtime stream where related module events exist.
/simulation,Simulation Workbench,simulation,"Simulation scenarios, runs and results for decision support.",Operational Engineers; Department Managers,HIDRA_SIMULATION_*_READ / HIDRA_SIMULATION_*_EXECUTE derived from permission catalog,GET /api/v1/simulation/capabilities; GET /api/v1/simulation/workbench/resources; GET /api/v1/simulation/workbench/{resource}; POST /api/v1/simulation/workbench/{resource}/search,Use module command endpoints for execution; exact workflow states unavailable unless exposed by the workflow module or domain events.,Module header; resource cards; searchable data grid; detail drawer; command action panel; audit strip,Use async notifications and realtime stream where related module events exist.
/telemetry,Telemetry Workbench,telemetry,Operational measurements and time-series ingestion context.,Operational Engineers; Control Room Operators,HIDRA_TELEMETRY_*_READ / HIDRA_TELEMETRY_*_EXECUTE derived from permission catalog,GET /api/v1/telemetry/capabilities; GET /api/v1/telemetry/workbench/resources; GET /api/v1/telemetry/workbench/{resource}; POST /api/v1/telemetry/workbench/{resource}/search,Use module command endpoints for execution; exact workflow states unavailable unless exposed by the workflow module or domain events.,Module header; resource cards; searchable data grid; detail drawer; command action panel; audit strip,Use async notifications and realtime stream where related module events exist.
/topology,Topology Workbench,topology,"Pipeline network topology, nodes, facilities, systems and GIS visualization.",Operational Engineers; Control Room Operators; Field Supervisors,HIDRA_TOPOLOGY_*_READ / HIDRA_TOPOLOGY_*_EXECUTE derived from permission catalog,GET /api/v1/topology/capabilities; GET /api/v1/topology/workbench/resources; GET /api/v1/topology/workbench/{resource}; POST /api/v1/topology/workbench/{resource}/search,Use module command endpoints for execution; exact workflow states unavailable unless exposed by the workflow module or domain events.,Module header; resource cards; searchable data grid; detail drawer; command action panel; audit strip,Use async notifications and realtime stream where related module events exist.
/workflow,Workflow Workbench,workflow,"Workflow instances, tasks, validation and approval routing.",Workflow Validators; Department Managers,HIDRA_WORKFLOW_*_READ / HIDRA_WORKFLOW_*_EXECUTE derived from permission catalog,GET /api/v1/workflow/capabilities; GET /api/v1/workflow/workbench/resources; GET /api/v1/workflow/workbench/{resource}; POST /api/v1/workflow/workbench/{resource}/search,Use module command endpoints for execution; exact workflow states unavailable unless exposed by the workflow module or domain events.,Module header; resource cards; searchable data grid; detail drawer; command action panel; audit strip,Use async notifications and realtime stream where related module events exist.
